"","Sample ID","Sample Date","Received Date","NASL ID","Matrix","Prep Date","Analysis Date","Parameter","<MDL/RL","Result","Unit","MDL/RL","Method","Analyst","Comments","depth","station","umol"
"1","BW-PAX1",2019-07-02,2019-07-03,"PAX1 BW","W",2019-07-25,2019-07-25,"NH4","L/BR",0.013,"mg N/L","0.013/0.039","SM4500G","CLH",NA,"BW","PAX1",0.92812725338588
"2","SW-PAX1",2019-07-02,2019-07-03,"PAX1 SW","W",2019-07-25,2019-07-25,"NH4","L/BR",0.013,"mg N/L","0.013/0.039","SM4500G","CLH",NA,"SW","PAX1",0.92812725338588
"3","BW-PAX2",2019-07-02,2019-07-03,"PAX2 BW","W",2019-07-25,2019-07-25,"NH4","L/BR",0.013,"mg N/L","0.013/0.039","SM4500G","CLH",NA,"BW","PAX2",0.92812725338588
"4","SW-PAX2",2019-07-02,2019-07-03,"PAX2 SW","W",2019-07-25,2019-07-25,"NH4","L/BR",0.013,"mg N/L","0.013/0.039","SM4500G","CLH",NA,"SW","PAX2",0.92812725338588
"5","BW-PAX3",2019-07-01,2019-07-03,"PAX3 BW","W",2019-07-25,2019-07-25,"NH4",NA,0.225,"mg N/L","0.013/0.039","SM4500G","CLH",NA,"BW","PAX3",16.0637409239864
"6","SW-PAX3",2019-07-01,2019-07-03,"PAX3 SW","W",2019-07-25,2019-07-25,"NH4","L/BR",0.013,"mg N/L","0.013/0.039","SM4500G","CLH",NA,"SW","PAX3",0.92812725338588
"7","BW-PAX4",2019-07-01,2019-07-03,"PAX4 BW","W",2019-07-25,2019-07-25,"NH4",NA,0.27,"mg N/L","0.013/0.039","SM4500G","CLH",NA,"BW","PAX4",19.2764891087837
"8","SW-PAX4",2019-07-01,2019-07-03,"PAX4 SW","W",2019-07-25,2019-07-25,"NH4","BR",0.025,"mg N/L","0.013/0.039","SM4500G","CLH",NA,"SW","PAX4",1.78486010266515
"9","BW-PAX1",2019-07-02,2019-07-03,"PAX1 BW","W",2019-07-25,2019-07-25,"NO2",NA,0.0029,"mg N/L","0.0007/0.0022","EPA 353.2","CLH",NA,"BW","PAX1",0.207043771909158
"10","SW-PAX1",2019-07-02,2019-07-03,"PAX1 SW","W",2019-07-25,2019-07-25,"NO2",NA,0.0027,"mg N/L","0.0007/0.0022","EPA 353.2","CLH",NA,"SW","PAX1",0.192764891087837
"11","BW-PAX2",2019-07-02,2019-07-03,"PAX2 BW","W",2019-07-25,2019-07-25,"NO2","L/BR",7e-04,"mg N/L","0.0007/0.0022","EPA 353.2","CLH",NA,"BW","PAX2",0.0499760828746243
"12","SW-PAX2",2019-07-02,2019-07-03,"PAX2 SW","W",2019-07-25,2019-07-25,"NO2","L/BR",7e-04,"mg N/L","0.0007/0.0022","EPA 353.2","CLH",NA,"SW","PAX2",0.0499760828746243
"13","BW-PAX3",2019-07-01,2019-07-03,"PAX3 BW","W",2019-07-25,2019-07-25,"NO2",NA,0.0057,"mg N/L","0.0007/0.0022","EPA 353.2","CLH",NA,"BW","PAX3",0.406948103407655
"14","SW-PAX3",2019-07-01,2019-07-03,"PAX3 SW","W",2019-07-25,2019-07-25,"NO2","L/BR",7e-04,"mg N/L","0.0007/0.0022","EPA 353.2","CLH",NA,"SW","PAX3",0.0499760828746243
"15","BW-PAX4",2019-07-01,2019-07-03,"PAX4 BW","W",2019-07-25,2019-07-25,"NO2",NA,0.0058,"mg N/L","0.0007/0.0022","EPA 353.2","CLH",NA,"BW","PAX4",0.414087543818315
"16","SW-PAX4",2019-07-01,2019-07-03,"PAX4 SW","W",2019-07-25,2019-07-25,"NO2","BR",0.0018,"mg N/L","0.0007/0.0022","EPA 353.2","CLH",NA,"SW","PAX4",0.128509927391891
"17","BW-PAX1",2019-07-02,2019-07-03,"PAX1 BW","W",2019-07-25,2019-07-25,"PO4",NA,0.0152,"mg P/L","0.0034/0.0102","EPA 365.1","CLH",NA,"BW","PAX1",0.490738917210407
"18","SW-PAX1",2019-07-02,2019-07-03,"PAX1 SW","W",2019-07-25,2019-07-25,"PO4",NA,0.0152,"mg P/L","0.0034/0.0102","EPA 365.1","CLH",NA,"SW","PAX1",0.490738917210407
"19","BW-PAX2",2019-07-02,2019-07-03,"PAX2 BW","W",2019-07-25,2019-07-25,"PO4",NA,0.035,"mg P/L","0.0034/0.0102","EPA 365.1","CLH",NA,"BW","PAX2",1.12999092778712
"20","SW-PAX2",2019-07-02,2019-07-03,"PAX2 SW","W",2019-07-25,2019-07-25,"PO4",NA,0.0358,"mg P/L","0.0034/0.0102","EPA 365.1","CLH",NA,"SW","PAX2",1.15581929185083
"21","BW-PAX3",2019-07-01,2019-07-03,"PAX3 BW","W",2019-07-25,2019-07-25,"PO4","BR",0.007,"mg P/L","0.0034/0.0102","EPA 365.1","CLH",NA,"BW","PAX3",0.225998185557425
"22","SW-PAX3",2019-07-01,2019-07-03,"PAX3 SW","W",2019-07-25,2019-07-25,"PO4","L/BR",0.0034,"mg P/L","0.0034/0.0102","EPA 365.1","CLH",NA,"SW","PAX3",0.109770547270749
"23","BW-PAX4",2019-07-01,2019-07-03,"PAX4 BW","W",2019-07-25,2019-07-25,"PO4","BR",0.0047,"mg P/L","0.0034/0.0102","EPA 365.1","CLH",NA,"BW","PAX4",0.151741638874271
"24","SW-PAX4",2019-07-01,2019-07-03,"PAX4 SW","W",2019-07-25,2019-07-25,"PO4","L/BR",0.0034,"mg P/L","0.0034/0.0102","EPA 365.1","CLH",NA,"SW","PAX4",0.109770547270749
"25","BW-PAX1",2019-07-02,2019-07-03,"PAX1 BW","W",2019-07-29,2019-07-29,"NO23",NA,0.0125,"mg N/L","0.0007/0.0056","EPA 353.2 CADMIUM","KB",NA,"BW","PAX1",0.892430051332577
"26","SW-PAX1",2019-07-02,2019-07-03,"PAX1 SW","W",2019-07-29,2019-07-29,"NO23",NA,0.0142,"mg N/L","0.0007/0.0056","EPA 353.2 CADMIUM","KB",NA,"SW","PAX1",1.01380053831381
"27","BW-PAX2",2019-07-02,2019-07-03,"PAX2 BW","W",2019-07-29,2019-07-29,"NO23",NA,0.0043,"mg N/L","0.0007/0.0056","EPA 353.2 CADMIUM","KB",NA,"BW","PAX2",0.306995937658406
"28","SW-PAX2",2019-07-02,2019-07-03,"PAX2 SW","W",2019-07-29,2019-07-29,"NO23",NA,0.0097,"mg N/L","0.0007/0.0056","EPA 353.2 CADMIUM","KB",NA,"SW","PAX2",0.692525719834079
"29","BW-PAX3",2019-07-01,2019-07-03,"PAX3 BW","W",2019-07-10,2019-07-10,"NO23",NA,0.047,"mg N/L","0.0057/0.028","ASTM D-7781","ANC","QC4","BW","PAX3",3.35553699301049
"30","SW-PAX3",2019-07-01,2019-07-03,"PAX3 SW","W",2019-07-29,2019-07-29,"NO23",NA,0.022,"mg N/L","0.0007/0.0056","EPA 353.2 CADMIUM","KB",NA,"SW","PAX3",1.57067689034533
"31","BW-PAX4",2019-07-01,2019-07-03,"PAX4 BW","W",2019-07-10,2019-07-10,"NO23",NA,0.045,"mg N/L","0.0057/0.028","ASTM D-7781","ANC","QC4","BW","PAX4",3.21274818479728
"32","SW-PAX4",2019-07-01,2019-07-03,"PAX4 SW","W",2019-07-29,2019-07-29,"NO23",NA,0.0346,"mg N/L","0.0007/0.0056","EPA 353.2 CADMIUM","KB",NA,"SW","PAX4",2.47024638208857
"33","BW-PAX1",2019-07-02,2019-07-03,"PAX1 BW","W",2019-07-30,2019-09-09,"TDP",NA,0.0278,"mg P/L","0.0015/0.0045","EPA 365.1","KB",NA,"BW","PAX1",0.897535651213772
"34","SW-PAX1",2019-07-02,2019-07-03,"PAX1 SW","W",2019-07-30,2019-09-09,"TDP",NA,0.0246,"mg P/L","0.0015/0.0045","EPA 365.1","KB",NA,"SW","PAX1",0.794222194958949
"35","BW-PAX2",2019-07-02,2019-07-03,"PAX2 BW","W",2019-07-30,2019-09-09,"TDP",NA,0.0406,"mg P/L","0.0015/0.0045","EPA 365.1","KB",NA,"BW","PAX2",1.31078947623306
"36","SW-PAX2",2019-07-02,2019-07-03,"PAX2 SW","W",2019-07-30,2019-09-09,"TDP",NA,0.0403,"mg P/L","0.0015/0.0045","EPA 365.1","KB",NA,"SW","PAX2",1.30110383970917
"37","BW-PAX3",2019-07-01,2019-07-03,"PAX3 BW","W",2019-07-30,2019-09-09,"TDP",NA,0.0159,"mg P/L","0.0015/0.0045","EPA 365.1","KB",NA,"BW","PAX3",0.51333873576615
"38","SW-PAX3",2019-07-01,2019-07-03,"PAX3 SW","W",2019-07-30,2019-09-09,"TDP",NA,0.0089,"mg P/L","0.0015/0.0045","EPA 365.1","KB","32","SW","PAX3",0.287340550208725
"39","BW-PAX4",2019-07-01,2019-07-03,"PAX4 BW","W",2019-07-30,2019-09-09,"TDP",NA,0.0096,"mg P/L","0.0015/0.0045","EPA 365.1","KB",NA,"BW","PAX4",0.309940368764468
"40","SW-PAX4",2019-07-01,2019-07-03,"PAX4 SW","W",2019-07-30,2019-09-09,"TDP",NA,0.0086,"mg P/L","0.0015/0.0045","EPA 365.1","KB","32","SW","PAX4",0.277654913684836
"41","BW-PAX1",2019-07-02,2019-07-03,"PAX1 BW","W",2019-07-30,2019-09-09,"TDN",NA,0.41,"mg N/L","0.05/0.15","EPA 353.2","KB",NA,"BW","PAX1",29.2717056837085
"42","SW-PAX1",2019-07-02,2019-07-03,"PAX1 SW","W",2019-07-30,2019-09-09,"TDN",NA,0.36,"mg N/L","0.05/0.15","EPA 353.2","KB",NA,"SW","PAX1",25.7019854783782
"43","BW-PAX2",2019-07-02,2019-07-03,"PAX2 BW","W",2019-07-30,2019-09-09,"TDN",NA,0.28,"mg N/L","0.05/0.15","EPA 353.2","KB",NA,"BW","PAX2",19.9904331498497
"44","SW-PAX2",2019-07-02,2019-07-03,"PAX2 SW","W",2019-07-30,2019-09-09,"TDN",NA,0.29,"mg N/L","0.05/0.15","EPA 353.2","KB",NA,"SW","PAX2",20.7043771909158
"45","BW-PAX3",2019-07-01,2019-07-03,"PAX3 BW","W",2019-07-30,2019-09-09,"TDN",NA,0.56,"mg N/L","0.05/0.15","EPA 353.2","KB",NA,"BW","PAX3",39.9808662996994
"46","SW-PAX3",2019-07-01,2019-07-03,"PAX3 SW","W",2019-07-30,2019-09-09,"TDN",NA,0.28,"mg N/L","0.05/0.15","EPA 353.2","KB","32","SW","PAX3",19.9904331498497
"47","BW-PAX4",2019-07-01,2019-07-03,"PAX4 BW","W",2019-07-30,2019-09-09,"TDN",NA,0.63,"mg N/L","0.05/0.15","EPA 353.2","KB",NA,"BW","PAX4",44.9784745871619
"48","SW-PAX4",2019-07-01,2019-07-03,"PAX4 SW","W",2019-07-30,2019-09-09,"TDN",NA,0.3,"mg N/L","0.05/0.15","EPA 353.2","KB","32","SW","PAX4",21.4183212319818
"49","BW-PAX1",2019-07-02,2019-07-03,"1B","W",2019-07-10,2019-07-10,"DOC",NA,3.93,"mg C/L","0.16/0.50","SM5310B, EPA 415.1","NLK",NA,"BW","PAX1",327.20823931994
"50","SW-PAX1",2019-07-02,2019-07-03,"1S","W",2019-07-10,2019-07-10,"DOC",NA,4.07,"mg C/L","0.16/0.50","SM5310B, EPA 415.1","NLK",NA,"SW","PAX1",338.864512476375
"51","BW-PAX2",2019-07-02,2019-07-03,"2B","W",2019-07-10,2019-07-10,"DOC",NA,3.24,"mg C/L","0.16/0.50","SM5310B, EPA 415.1","NLK",NA,"BW","PAX2",269.759464477508
"52","SW-PAX2",2019-07-02,2019-07-03,"2S","W",2019-07-10,2019-07-10,"DOC",NA,3.32,"mg C/L","0.16/0.50","SM5310B, EPA 415.1","NLK",NA,"SW","PAX2",276.420191995471
"53","BW-PAX3",2019-07-01,2019-07-03,"3B","W",2019-07-10,2019-07-10,"DOC",NA,2.73,"mg C/L","0.16/0.50","SM5310B, EPA 415.1","NLK",NA,"BW","PAX3",227.297326550492
"54","SW-PAX3",2019-07-01,2019-07-03,"3S","W",2019-07-10,2019-07-10,"DOC",NA,3.53,"mg C/L","0.16/0.50","SM5310B, EPA 415.1","NLK",NA,"SW","PAX3",293.904601730124
"55","BW-PAX4",2019-07-01,2019-07-03,"4B","W",2019-07-10,2019-07-10,"DOC",NA,2.57,"mg C/L","0.16/0.50","SM5310B, EPA 415.1","NLK",NA,"BW","PAX4",213.975871514566
"56","SW-PAX4",2019-07-01,2019-07-03,"4S","W",2019-07-10,2019-07-10,"DOC",NA,2.73,"mg C/L","0.16/0.50","SM5310B, EPA 415.1","NLK",NA,"SW","PAX4",227.297326550492
"57","BW-PAX1",2019-07-02,2019-07-03,"PAX1 BW","W",2019-07-11,2019-07-11,"Si",NA,1.34,"mg Si/L","0.05/0.21","EPA 366.0","CLH",NA,"BW","PAX1",47.711452528885
"58","SW-PAX1",2019-07-02,2019-07-03,"PAX1 SW","W",2019-07-11,2019-07-11,"Si",NA,1.23,"mg Si/L","0.05/0.21","EPA 366.0","CLH",NA,"SW","PAX1",43.7948407541258
"59","BW-PAX2",2019-07-02,2019-07-03,"PAX2 BW","W",2019-07-11,2019-07-11,"Si",NA,2.73,"mg Si/L","0.05/0.21","EPA 366.0","CLH",NA,"BW","PAX2",97.203183137206
"60","SW-PAX2",2019-07-02,2019-07-03,"PAX2 SW","W",2019-07-11,2019-07-11,"Si",NA,2.53,"mg Si/L","0.05/0.21","EPA 366.0","CLH",NA,"SW","PAX2",90.082070819462
"61","BW-PAX3",2019-07-01,2019-07-03,"PAX3 BW","W",2019-07-11,2019-07-11,"Si",NA,2.57,"mg Si/L","0.05/0.21","EPA 366.0","CLH",NA,"BW","PAX3",91.5062932830108
"62","SW-PAX3",2019-07-01,2019-07-03,"PAX3 SW","W",2019-07-11,2019-07-11,"Si",NA,2.5,"mg Si/L","0.05/0.21","EPA 366.0","CLH",NA,"SW","PAX3",89.0139039718004
"63","BW-PAX4",2019-07-01,2019-07-03,"PAX4 BW","W",2019-07-11,2019-07-11,"Si",NA,2.22,"mg Si/L","0.05/0.21","EPA 366.0","CLH",NA,"BW","PAX4",79.0443467269588
"64","SW-PAX4",2019-07-01,2019-07-03,"PAX4 SW","W",2019-07-11,2019-07-11,"Si",NA,2.18,"mg Si/L","0.05/0.21","EPA 366.0","CLH",NA,"SW","PAX4",77.6201242634099
"65","BW-PAX1",2019-07-02,2019-07-03,"BW PAX1","P",2019-07-17,2019-07-18,"PN",NA,0.524,"mg N/L","0.0263/0.0789","EPA 440.0","JM",NA,"BW","PAX1",37.4106677518616
"66","SW-PAX1",2019-07-02,2019-07-03,"SW PAX1","P",2019-07-17,2019-07-18,"PN",NA,0.549,"mg N/L","0.0263/0.0789","EPA 440.0","JM",NA,"SW","PAX1",39.1955278545268
"67","BW-PAX2",2019-07-02,2019-07-03,"BW PAX2","P",2019-07-17,2019-07-18,"PN",NA,0.441,"mg N/L","0.0263/0.0789","EPA 440.0","JM",NA,"BW","PAX2",31.4849322110133
"68","SW-PAX2",2019-07-02,2019-07-03,"SW PAX2","P",2019-07-17,2019-07-18,"PN",NA,0.402,"mg N/L","0.0263/0.0789","EPA 440.0","JM",NA,"SW","PAX2",28.7005504508557
"69","BW-PAX3",2019-07-01,2019-07-03,"BW PAX3","P",2019-07-17,2019-07-18,"PN",NA,0.375,"mg N/L","0.0263/0.0789","EPA 440.0","JM",NA,"BW","PAX3",26.7729015399773
"70","SW-PAX3",2019-07-01,2019-07-03,"SW PAX3","P",2019-07-17,2019-07-18,"PN",NA,0.406,"mg N/L","0.0263/0.0789","EPA 440.0","JM",NA,"SW","PAX3",28.9861280672821
"71","BW-PAX4",2019-07-01,2019-07-03,"BW PAX4","P",2019-07-17,2019-07-18,"PN",NA,0.224,"mg N/L","0.0263/0.0789","EPA 440.0","JM",NA,"BW","PAX4",15.9923465198798
"72","SW-PAX4",2019-07-01,2019-07-03,"SW PAX4","P",2019-07-17,2019-07-18,"PN",NA,0.345,"mg N/L","0.0263/0.0789","EPA 440.0","JM",NA,"SW","PAX4",24.6310694167791
"73","BW-PAX1",2019-07-02,2019-07-03,"BW PAX1","P",2019-07-17,2019-07-18,"PC",NA,4.24,"mg C/L","0.0633/0.1899","EPA 440.0","JM",NA,"BW","PAX1",353.018558452047
"74","SW-PAX1",2019-07-02,2019-07-03,"SW PAX1","P",2019-07-17,2019-07-18,"PC",NA,4.42,"mg C/L","0.0633/0.1899","EPA 440.0","JM",NA,"SW","PAX1",368.005195367464
"75","BW-PAX2",2019-07-02,2019-07-03,"BW PAX2","P",2019-07-17,2019-07-18,"PC",NA,3.41,"mg C/L","0.0633/0.1899","EPA 440.0","JM",NA,"BW","PAX2",283.913510453179
"76","SW-PAX2",2019-07-02,2019-07-03,"SW PAX2","P",2019-07-17,2019-07-18,"PC",NA,3.2,"mg C/L","0.0633/0.1899","EPA 440.0","JM",NA,"SW","PAX2",266.429100718526
"77","BW-PAX3",2019-07-01,2019-07-03,"BW PAX3","P",2019-07-17,2019-07-18,"PC",NA,3.27,"mg C/L","0.0633/0.1899","EPA 440.0","JM",NA,"BW","PAX3",272.257237296744
"78","SW-PAX3",2019-07-01,2019-07-03,"SW PAX3","P",2019-07-17,2019-07-18,"PC",NA,3.11,"mg C/L","0.0633/0.1899","EPA 440.0","JM",NA,"SW","PAX3",258.935782260817
"79","BW-PAX4",2019-07-01,2019-07-03,"BW PAX4","P",2019-07-17,2019-07-18,"PC",NA,2.04,"mg C/L","0.0633/0.1899","EPA 440.0","JM",NA,"BW","PAX4",169.84855170806
"80","SW-PAX4",2019-07-01,2019-07-03,"SW PAX4","P",2019-07-17,2019-07-18,"PC",NA,2.68,"mg C/L","0.0633/0.1899","EPA 440.0","JM",NA,"SW","PAX4",223.134371851766
"81","BW-PAX1",2019-07-02,2019-07-03,"BW PAX1","P",2019-07-11,2019-07-23,"PP",NA,0.142,"mg P/L","0.0021/.0063","EPA 365.1, ASPILA","JM",NA,"BW","PAX1",4.58453462130775
"82","SW-PAX1",2019-07-02,2019-07-03,"SW PAX1","P",2019-07-11,2019-07-23,"PP",NA,0.139,"mg P/L","0.0021/.0063","EPA 365.1, ASPILA","JM",NA,"SW","PAX1",4.48767825606886
"83","BW-PAX2",2019-07-02,2019-07-03,"BW PAX2","P",2019-07-11,2019-07-23,"PP",NA,0.0938065,"mg P/L","0.0021/.0063","EPA 365.1, ASPILA","JM",NA,"BW","PAX2",3.02858554192751
"84","SW-PAX2",2019-07-02,2019-07-03,"SW PAX2","P",2019-07-11,2019-07-23,"PP",NA,0.084942,"mg P/L","0.0021/.0063","EPA 365.1, ASPILA","JM",NA,"SW","PAX2",2.74239112537411
"85","BW-PAX3",2019-07-01,2019-07-03,"BW PAX3","P",2019-07-11,2019-07-23,"PP",NA,0.06892275,"mg P/L","0.0021/.0063","EPA 365.1, ASPILA","JM",NA,"BW","PAX3",2.22520234908971
"86","SW-PAX3",2019-07-01,2019-07-03,"SW PAX3","P",2019-07-11,2019-07-23,"PP",NA,0.0401743333333333,"mg P/L","0.0021/.0063","EPA 365.1, ASPILA","JM",NA,"SW","PAX3",1.2970466341875
"87","BW-PAX4",2019-07-01,2019-07-03,"BW PAX4","P",2019-07-11,2019-07-23,"PP",NA,0.0332406666666667,"mg P/L","0.0021/.0063","EPA 365.1, ASPILA","JM",NA,"BW","PAX4",1.07319005048369
"88","SW-PAX4",2019-07-01,2019-07-03,"SW PAX4","P",2019-07-11,2019-07-23,"PP",NA,0.03108425,"mg P/L","0.0021/.0063","EPA 365.1, ASPILA","JM",NA,"SW","PAX4",1.00356915705905
"89","BW-PAX1",2019-07-02,2019-07-03,"BW-PAX 1","P",2019-07-08,2019-07-11,"TSS",NA,59,"mg/L","2.4/4.2","EPA 160.2","EH",NA,"BW","PAX1",NA
"90","SW-PAX1",2019-07-02,2019-07-03,"SW-PAX 1","P",2019-07-08,2019-07-11,"TSS",NA,55.5,"mg/L","2.4/4.2","EPA 160.2","EH",NA,"SW","PAX1",NA
"91","BW-PAX2",2019-07-02,2019-07-03,"BW-PAX 2","P",2019-07-08,2019-07-11,"TSS",NA,53,"mg/L","2.4/4.2","EPA 160.2","EH",NA,"BW","PAX2",NA
"92","SW-PAX2",2019-07-02,2019-07-03,"SW-PAX 2","P",2019-07-08,2019-07-11,"TSS",NA,43.5,"mg/L","2.4/4.2","EPA 160.2","EH",NA,"SW","PAX2",NA
"93","BW-PAX3",2019-07-01,2019-07-03,"BW-PAX 3","P",2019-07-08,2019-07-11,"TSS",NA,48.7,"mg/L","2.4/4.2","EPA 160.2","EH",NA,"BW","PAX3",NA
"94","SW-PAX3",2019-07-01,2019-07-03,"SW-PAX 3","P",2019-07-08,2019-07-11,"TSS",NA,25.7,"mg/L","2.4/4.2","EPA 160.2","EH",NA,"SW","PAX3",NA
"95","BW-PAX4",2019-07-01,2019-07-03,"BW-PAX 4","P",2019-07-08,2019-07-11,"TSS",NA,17,"mg/L","2.4/4.2","EPA 160.2","EH",NA,"BW","PAX4",NA
"96","SW-PAX4",2019-07-01,2019-07-03,"SW-PAX 4","P",2019-07-08,2019-07-11,"TSS",NA,20,"mg/L","2.4/4.2","EPA 160.2","EH",NA,"SW","PAX4",NA
"97","BW-PAX1",2019-07-02,2019-07-03,"PAX1 BW","P",2019-07-11,2019-07-11,"BiSi",NA,4.04,"mg Si/l","0.03/0.09","EPA 366.0","CLH",NA,"BW","PAX1",NA
"98","SW-PAX1",2019-07-02,2019-07-03,"PAX1 SW","P",2019-07-11,2019-07-11,"BiSi",NA,3.91,"mg Si/l","0.03/0.09","EPA 366.0","CLH",NA,"SW","PAX1",NA
"99","BW-PAX2",2019-07-02,2019-07-03,"PAX2 BW","P",2019-07-11,2019-07-11,"BiSi",NA,1.41,"mg Si/l","0.03/0.09","EPA 366.0","CLH",NA,"BW","PAX2",NA
"100","SW-PAX2",2019-07-02,2019-07-03,"PAX2 SW","P",2019-07-11,2019-07-11,"BiSi",NA,1.31,"mg Si/l","0.03/0.09","EPA 366.0","CLH",NA,"SW","PAX2",NA
"101","BW-PAX3",2019-07-01,2019-07-03,"PAX3 BW","P",2019-07-11,2019-07-11,"BiSi",NA,1.6,"mg Si/l","0.03/0.09","EPA 366.0","CLH",NA,"BW","PAX3",NA
"102","SW-PAX3",2019-07-01,2019-07-03,"PAX3 SW","P",2019-07-11,2019-07-11,"BiSi",NA,0.83,"mg Si/l","0.03/0.09","EPA 366.0","CLH",NA,"SW","PAX3",NA
"103","BW-PAX4",2019-07-01,2019-07-03,"PAX4 BW","P",2019-07-11,2019-07-11,"BiSi",NA,0.7,"mg Si/l","0.03/0.09","EPA 366.0","CLH",NA,"BW","PAX4",NA
"104","SW-PAX4",2019-07-01,2019-07-03,"PAX4 SW","P",2019-07-11,2019-07-11,"BiSi",NA,0.3,"mg Si/l","0.03/0.09","EPA 366.0","CLH",NA,"SW","PAX4",NA
"105","BW-PAX1",2019-07-02,2019-07-03,"PAX1BBX4","P",2019-07-15,2019-07-16,"CHL-TOTAL",NA,69.22,"ug CHLa/L","0.68/0.68","EPA 445.0, SM10200H.3","NLK",NA,"BW","PAX1",NA
"106","SW-PAX1",2019-07-02,2019-07-03,"PAX1SBX4","P",2019-07-15,2019-07-16,"CHL-TOTAL",NA,72.16,"ug CHLa/L","0.68/0.68","EPA 445.0, SM10200H.3","NLK",NA,"SW","PAX1",NA
"107","BW-PAX2",2019-07-02,2019-07-03,"PAX2BB","P",2019-07-15,2019-07-16,"CHL-TOTAL",NA,29.36,"ug CHLa/L","0.68/0.68","EPA 445.0, SM10200H.3","NLK",NA,"BW","PAX2",NA
"108","SW-PAX2",2019-07-02,2019-07-03,"PAX2SB","P",2019-07-15,2019-07-16,"CHL-TOTAL",NA,34.34,"ug CHLa/L","0.68/0.68","EPA 445.0, SM10200H.3","NLK",NA,"SW","PAX2",NA
"109","BW-PAX3",2019-07-01,2019-07-03,"PAX3BB","P",2019-07-15,2019-07-16,"CHL-TOTAL",NA,16.5,"ug CHLa/L","0.68/0.68","EPA 445.0, SM10200H.3","NLK",NA,"BW","PAX3",NA
"110","SW-PAX3",2019-07-01,2019-07-03,"PAX3SB","P",2019-07-15,2019-07-16,"CHL-TOTAL",NA,19.7,"ug CHLa/L","0.68/0.68","EPA 445.0, SM10200H.3","NLK",NA,"SW","PAX3",NA
"111","BW-PAX4",2019-07-01,2019-07-03,"PAX4BB","P",2019-07-15,2019-07-16,"CHL-TOTAL",NA,11.34,"ug CHLa/L","0.68/0.68","EPA 445.0, SM10200H.3","NLK",NA,"BW","PAX4",NA
"112","SW-PAX4",2019-07-01,2019-07-03,"PAX4SB","P",2019-07-15,2019-07-16,"CHL-TOTAL",NA,21.24,"ug CHLa/L","0.68/0.68","EPA 445.0, SM10200H.3","NLK",NA,"SW","PAX4",NA
"113","BW-PAX1",2019-07-02,2019-07-03,"PAX1BBX4","P",2019-07-15,2019-07-16,"CHL-PHAEO",NA,28.89,"ug CHLa/L","0.46/0.46","EPA 445.0, SM10200H.3","NLK",NA,"BW","PAX1",NA
"114","SW-PAX1",2019-07-02,2019-07-03,"PAX1SBX4","P",2019-07-15,2019-07-16,"CHL-PHAEO",NA,24.68,"ug CHLa/L","0.46/0.46","EPA 445.0, SM10200H.3","NLK",NA,"SW","PAX1",NA
"115","BW-PAX2",2019-07-02,2019-07-03,"PAX2BB","P",2019-07-15,2019-07-16,"CHL-PHAEO",NA,12.77,"ug CHLa/L","0.46/0.46","EPA 445.0, SM10200H.3","NLK",NA,"BW","PAX2",NA
"116","SW-PAX2",2019-07-02,2019-07-03,"PAX2SB","P",2019-07-15,2019-07-16,"CHL-PHAEO",NA,13.74,"ug CHLa/L","0.46/0.46","EPA 445.0, SM10200H.3","NLK",NA,"SW","PAX2",NA
"117","BW-PAX3",2019-07-01,2019-07-03,"PAX3BB","P",2019-07-15,2019-07-16,"CHL-PHAEO",NA,11.84,"ug CHLa/L","0.46/0.46","EPA 445.0, SM10200H.3","NLK",NA,"BW","PAX3",NA
"118","SW-PAX3",2019-07-01,2019-07-03,"PAX3SB","P",2019-07-15,2019-07-16,"CHL-PHAEO",NA,5.49,"ug CHLa/L","0.46/0.46","EPA 445.0, SM10200H.3","NLK",NA,"SW","PAX3",NA
"119","BW-PAX4",2019-07-01,2019-07-03,"PAX4BB","P",2019-07-15,2019-07-16,"CHL-PHAEO",NA,6.11,"ug CHLa/L","0.46/0.46","EPA 445.0, SM10200H.3","NLK",NA,"BW","PAX4",NA
"120","SW-PAX4",2019-07-01,2019-07-03,"PAX4SB","P",2019-07-15,2019-07-16,"CHL-PHAEO",NA,4.12,"ug CHLa/L","0.46/0.46","EPA 445.0, SM10200H.3","NLK",NA,"SW","PAX4",NA
"121","BW-PAX1",2019-07-02,2019-07-03,"PAX1BBX4","P",2019-07-15,2019-07-16,"CHL-ACTIVE",NA,53.36,"ug CHLa/L","0.69/0.69","EPA 445.0, SM10200H.3","NLK",NA,"BW","PAX1",NA
"122","SW-PAX1",2019-07-02,2019-07-03,"PAX1SBX4","P",2019-07-15,2019-07-16,"CHL-ACTIVE",NA,58.62,"ug CHLa/L","0.69/0.69","EPA 445.0, SM10200H.3","NLK",NA,"SW","PAX1",NA
"123","BW-PAX2",2019-07-02,2019-07-03,"PAX2BB","P",2019-07-15,2019-07-16,"CHL-ACTIVE",NA,22.35,"ug CHLa/L","0.69/0.69","EPA 445.0, SM10200H.3","NLK",NA,"BW","PAX2",NA
"124","SW-PAX2",2019-07-02,2019-07-03,"PAX2SB","P",2019-07-15,2019-07-16,"CHL-ACTIVE",NA,26.79,"ug CHLa/L","0.69/0.69","EPA 445.0, SM10200H.3","NLK",NA,"SW","PAX2",NA
"125","BW-PAX3",2019-07-01,2019-07-03,"PAX3BB","P",2019-07-15,2019-07-16,"CHL-ACTIVE",NA,10,"ug CHLa/L","0.69/0.69","EPA 445.0, SM10200H.3","NLK",NA,"BW","PAX3",NA
"126","SW-PAX3",2019-07-01,2019-07-03,"PAX3SB","P",2019-07-15,2019-07-16,"CHL-ACTIVE",NA,16.69,"ug CHLa/L","0.69/0.69","EPA 445.0, SM10200H.3","NLK",NA,"SW","PAX3",NA
"127","BW-PAX4",2019-07-01,2019-07-03,"PAX4BB","P",2019-07-15,2019-07-16,"CHL-ACTIVE",NA,7.98,"ug CHLa/L","0.69/0.69","EPA 445.0, SM10200H.3","NLK",NA,"BW","PAX4",NA
"128","SW-PAX4",2019-07-01,2019-07-03,"PAX4SB","P",2019-07-15,2019-07-16,"CHL-ACTIVE",NA,18.98,"ug CHLa/L","0.69/0.69","EPA 445.0, SM10200H.3","NLK",NA,"SW","PAX4",NA
"129","BW-PAX1",2019-07-31,2019-08-05,"BW PAX1","W",2019-08-21,2019-08-21,"NH4","L/BR",0.013,"mg N/L","0.013/0.039","SM4500G","CLH",NA,"BW","PAX1",0.92812725338588
"130","SW-PAX1",2019-07-31,2019-08-05,"SW PAX1","W",2019-08-21,2019-08-21,"NH4","L/BR",0.013,"mg N/L","0.013/0.039","SM4500G","CLH",NA,"SW","PAX1",0.92812725338588
"131","BW-PAX2",2019-07-31,2019-08-05,"BW PAX2","W",2019-08-21,2019-08-21,"NH4","L/BR",0.013,"mg N/L","0.013/0.039","SM4500G","CLH",NA,"BW","PAX2",0.92812725338588
"132","SW-PAX2",2019-07-31,2019-08-05,"SW PAX2","W",2019-08-21,2019-08-21,"NH4","L/BR",0.013,"mg N/L","0.013/0.039","SM4500G","CLH",NA,"SW","PAX2",0.92812725338588
"133","BW-PAX3",2019-07-30,2019-08-05,"BW PAX3","W",2019-08-21,2019-08-21,"NH4",NA,0.297,"mg N/L","0.013/0.039","SM4500G","CLH",NA,"BW","PAX3",21.204138019662
"134","SW-PAX3",2019-07-30,2019-08-05,"SW PAX3","W",2019-08-21,2019-08-21,"NH4","L/BR",0.013,"mg N/L","0.013/0.039","SM4500G","CLH",NA,"SW","PAX3",0.92812725338588
"135","BW-PAX4",2019-07-30,2019-08-05,"BW PAX4","W",2019-08-21,2019-08-21,"NH4",NA,0.257,"mg N/L","0.013/0.039","SM4500G","CLH",NA,"BW","PAX4",18.3483618553978
"136","SW-PAX4",2019-07-30,2019-08-05,"SW PAX4","W",2019-08-21,2019-08-21,"NH4","L/BR",0.013,"mg N/L","0.013/0.039","SM4500G","CLH",NA,"SW","PAX4",0.92812725338588
"137","BW-PAX1",2019-07-31,2019-08-05,"BW PAX1","W",2019-08-21,2019-08-21,"NO2","L/BR",7e-04,"mg N/L","0.0007/0.0022","EPA 353.2","CLH",NA,"BW","PAX1",0.0499760828746243
"138","SW-PAX1",2019-07-31,2019-08-05,"SW PAX1","W",2019-08-21,2019-08-21,"NO2","L/BR",7e-04,"mg N/L","0.0007/0.0022","EPA 353.2","CLH",NA,"SW","PAX1",0.0499760828746243
"139","BW-PAX2",2019-07-31,2019-08-05,"BW PAX2","W",2019-08-21,2019-08-21,"NO2","L/BR",7e-04,"mg N/L","0.0007/0.0022","EPA 353.2","CLH",NA,"BW","PAX2",0.0499760828746243
"140","SW-PAX2",2019-07-31,2019-08-05,"SW PAX2","W",2019-08-21,2019-08-21,"NO2","L/BR",7e-04,"mg N/L","0.0007/0.0022","EPA 353.2","CLH",NA,"SW","PAX2",0.0499760828746243
"141","BW-PAX3",2019-07-30,2019-08-05,"BW PAX3","W",2019-08-21,2019-08-21,"NO2","L/BR",7e-04,"mg N/L","0.0007/0.0022","EPA 353.2","CLH",NA,"BW","PAX3",0.0499760828746243
"142","SW-PAX3",2019-07-30,2019-08-05,"SW PAX3","W",2019-08-21,2019-08-21,"NO2","BR",7e-04,"mg N/L","0.0007/0.0022","EPA 353.2","CLH",NA,"SW","PAX3",0.0499760828746243
"143","BW-PAX4",2019-07-30,2019-08-05,"BW PAX4","W",2019-08-21,2019-08-21,"NO2","L/BR",7e-04,"mg N/L","0.0007/0.0022","EPA 353.2","CLH",NA,"BW","PAX4",0.0499760828746243
"144","SW-PAX4",2019-07-30,2019-08-05,"SW PAX4","W",2019-08-21,2019-08-21,"NO2","BR",0.0013,"mg N/L","0.0007/0.0022","EPA 353.2","CLH",NA,"SW","PAX4",0.0928127253385879
"145","BW-PAX1",2019-07-31,2019-08-05,"BW PAX1","W",2019-08-21,2019-08-21,"PO4",NA,0.0175,"mg P/L","0.0034/0.0102","EPA 365.1","CLH",NA,"BW","PAX1",0.564995463893561
"146","SW-PAX1",2019-07-31,2019-08-05,"SW PAX1","W",2019-08-21,2019-08-21,"PO4",NA,0.0168,"mg P/L","0.0034/0.0102","EPA 365.1","CLH",NA,"SW","PAX1",0.542395645337819
"147","BW-PAX2",2019-07-31,2019-08-05,"BW PAX2","W",2019-08-21,2019-08-21,"PO4",NA,0.0888,"mg P/L","0.0034/0.0102","EPA 365.1","CLH",NA,"BW","PAX2",2.86694841107133
"148","SW-PAX2",2019-07-31,2019-08-05,"SW PAX2","W",2019-08-21,2019-08-21,"PO4",NA,0.0831,"mg P/L","0.0034/0.0102","EPA 365.1","CLH",NA,"SW","PAX2",2.68292131711743
"149","BW-PAX3",2019-07-30,2019-08-05,"BW PAX3","W",2019-08-21,2019-08-21,"PO4",NA,0.0674,"mg P/L","0.0034/0.0102","EPA 365.1","CLH",NA,"BW","PAX3",2.1760396723672
"150","SW-PAX3",2019-07-30,2019-08-05,"SW PAX3","W",2019-08-21,2019-08-21,"PO4",NA,0.0206,"mg P/L","0.0034/0.0102","EPA 365.1","CLH",NA,"SW","PAX3",0.665080374640421
"151","BW-PAX4",2019-07-30,2019-08-05,"BW PAX4","W",2019-08-21,2019-08-21,"PO4",NA,0.049,"mg P/L","0.0034/0.0102","EPA 365.1","CLH",NA,"BW","PAX4",1.58198729890197
"152","SW-PAX4",2019-07-30,2019-08-05,"SW PAX4","W",2019-08-21,2019-08-21,"PO4",NA,0.0339,"mg P/L","0.0034/0.0102","EPA 365.1","CLH",NA,"SW","PAX4",1.09447692719953
"153","BW-PAX1",2019-07-31,2019-08-05,"BW PAX 1","W",2019-09-04,2019-09-04,"NO23","BR",0.0029,"mg N/L","0.0007/0.0056","EPA 353.2 CADMIUM","KB","32","BW","PAX1",0.207043771909158
"154","SW-PAX1",2019-07-31,2019-08-05,"SW PAX 1","W",2019-09-04,2019-09-04,"NO23","L",7e-04,"mg N/L","0.0007/0.0056","EPA 353.2 CADMIUM","KB","32","SW","PAX1",0.0499760828746243
"155","BW-PAX2",2019-07-31,2019-08-05,"BW PAX 2","W",2019-09-04,2019-09-04,"NO23","BR",7e-04,"mg N/L","0.0007/0.0056","EPA 353.2 CADMIUM","KB","32","BW","PAX2",0.0499760828746243
"156","SW-PAX2",2019-07-31,2019-08-05,"SW PAX 2","W",2019-09-04,2019-09-04,"NO23",NA,0.0132,"mg N/L","0.0007/0.0056","EPA 353.2 CADMIUM","KB","32","SW","PAX2",0.942406134207201
"157","BW-PAX3",2019-07-30,2019-08-05,"BW PAX 3","W",2019-09-04,2019-09-04,"NO23","BR",0.0022,"mg N/L","0.0007/0.0056","EPA 353.2 CADMIUM","KB","32","BW","PAX3",0.157067689034533
"158","SW-PAX3",2019-07-30,2019-08-05,"SW PAX 3","W",2019-09-04,2019-09-04,"NO23",NA,0.0123,"mg N/L","0.0007/0.0056","EPA 353.2 CADMIUM","KB","32","SW","PAX3",0.878151170511255
"159","BW-PAX4",2019-07-30,2019-08-05,"BW PAX 4","W",2019-09-04,2019-09-04,"NO23","BR",0.0017,"mg N/L","0.0007/0.0056","EPA 353.2 CADMIUM","KB","32","BW","PAX4",0.12137048698123
"160","SW-PAX4",2019-07-30,2019-08-05,"SW PAX 4","W",2019-09-04,2019-09-04,"NO23",NA,0.0236,"mg N/L","0.0007/0.0056","EPA 353.2 CADMIUM","KB","32","SW","PAX4",1.6849079369159
"161","BW-PAX1",2019-07-31,2019-08-05,"PAX1 BW","W",2019-09-19,2019-10-15,"TDP",NA,0.0243,"mg P/L","0.0015/0.0045","EPA 365.1","KB","32","BW","PAX1",0.784536558435059
"162","SW-PAX1",2019-07-31,2019-08-05,"PAX1 SW","W",2019-09-19,2019-10-15,"TDP",NA,0.026,"mg P/L","0.0015/0.0045","EPA 365.1","KB","32","SW","PAX1",0.839421832070434
"163","BW-PAX2",2019-07-31,2019-08-05,"PAX2 BW","W",2019-09-19,2019-10-15,"TDP",NA,0.1071,"mg P/L","0.0015/0.0045","EPA 365.1","KB","32","BW","PAX2",3.4577722390286
"164","SW-PAX2",2019-07-31,2019-08-05,"PAX2 SW","W",2019-09-19,2019-10-15,"TDP",NA,0.1028,"mg P/L","0.0015/0.0045","EPA 365.1","KB","32","SW","PAX2",3.31894478218618
"165","BW-PAX3",2019-07-30,2019-08-05,"PAX3 BW","W",2019-09-19,2019-10-15,"TDP",NA,0.0823,"mg P/L","0.0015/0.0045","EPA 365.1","KB","32","BW","PAX3",2.65709295305372
"166","SW-PAX3",2019-07-30,2019-08-05,"PAX3 SW","W",2019-09-19,2019-10-15,"TDP",NA,0.0367,"mg P/L","0.0015/0.0045","EPA 365.1","KB","32","SW","PAX3",1.1848762014225
"167","BW-PAX4",2019-07-30,2019-08-05,"PAX4 BW","W",2019-09-19,2019-10-15,"TDP",NA,0.0635,"mg P/L","0.0015/0.0045","EPA 365.1","KB","32","BW","PAX4",2.05012639755664
"168","SW-PAX4",2019-07-30,2019-08-05,"PAX4 SW","W",2019-09-19,2019-10-15,"TDP",NA,0.01,"mg P/L","0.0015/0.0045","EPA 365.1","KB","32","SW","PAX4",0.322854550796321
"169","BW-PAX1",2019-07-31,2019-08-05,"PAX1 BW","W",2019-09-19,2019-10-15,"TDN",NA,0.25,"mg N/L","0.05/0.15","EPA 353.2","KB","32","BW","PAX1",17.8486010266515
"170","SW-PAX1",2019-07-31,2019-08-05,"PAX1 SW","W",2019-09-19,2019-10-15,"TDN",NA,0.29,"mg N/L","0.05/0.15","EPA 353.2","KB","32","SW","PAX1",20.7043771909158
"171","BW-PAX2",2019-07-31,2019-08-05,"PAX2 BW","W",2019-09-19,2019-10-15,"TDN",NA,0.25,"mg N/L","0.05/0.15","EPA 353.2","KB","32","BW","PAX2",17.8486010266515
"172","SW-PAX2",2019-07-31,2019-08-05,"PAX2 SW","W",2019-09-19,2019-10-15,"TDN",NA,0.27,"mg N/L","0.05/0.15","EPA 353.2","KB","32","SW","PAX2",19.2764891087837
"173","BW-PAX3",2019-07-30,2019-08-05,"PAX3 BW","W",2019-09-19,2019-10-15,"TDN",NA,0.53,"mg N/L","0.05/0.15","EPA 353.2","KB","32","BW","PAX3",37.8390341765012
"174","SW-PAX3",2019-07-30,2019-08-05,"PAX3 SW","W",2019-09-19,2019-10-15,"TDN",NA,0.24,"mg N/L","0.05/0.15","EPA 353.2","KB","32","SW","PAX3",17.1346569855855
"175","BW-PAX4",2019-07-30,2019-08-05,"PAX4 BW","W",2019-09-19,2019-10-15,"TDN",NA,0.39,"mg N/L","0.05/0.15","EPA 353.2","KB","32","BW","PAX4",27.8438176015764
"176","SW-PAX4",2019-07-30,2019-08-05,"PAX4 SW","W",2019-09-19,2019-10-15,"TDN",NA,0.18,"mg N/L","0.05/0.15","EPA 353.2","KB","32","SW","PAX4",12.8509927391891
"177","BW-PAX1",2019-07-31,2019-08-05,"1B","W",2019-08-21,2019-08-21,"DOC",NA,4.32,"mg C/L","0.16/0.50","SM5310B, EPA 415.1","NLK",NA,"BW","PAX1",359.67928597001
"178","SW-PAX1",2019-07-31,2019-08-05,"1S","W",2019-08-21,2019-08-21,"DOC",NA,4.26,"mg C/L","0.16/0.50","SM5310B, EPA 415.1","NLK",NA,"SW","PAX1",354.683740331538
"179","BW-PAX2",2019-07-31,2019-08-05,"2B","W",2019-08-21,2019-08-21,"DOC",NA,3.75,"mg C/L","0.16/0.50","SM5310B, EPA 415.1","NLK",NA,"BW","PAX2",312.221602404523
"180","SW-PAX2",2019-07-31,2019-08-05,"2S","W",2019-08-21,2019-08-21,"DOC",NA,4.03,"mg C/L","0.16/0.50","SM5310B, EPA 415.1","NLK",NA,"SW","PAX2",335.534148717394
"181","BW-PAX3",2019-07-30,2019-08-05,"3B","W",2019-08-21,2019-08-21,"DOC",NA,2.62,"mg C/L","0.16/0.50","SM5310B, EPA 415.1","NLK",NA,"BW","PAX3",218.138826213293
"182","SW-PAX3",2019-07-30,2019-08-05,"3S","W",2019-08-21,2019-08-21,"DOC",NA,3.14,"mg C/L","0.16/0.50","SM5310B, EPA 415.1","NLK",NA,"SW","PAX3",261.433555080054
"183","BW-PAX4",2019-07-30,2019-08-05,"4B","W",2019-08-21,2019-08-21,"DOC",NA,2.49,"mg C/L","0.16/0.50","SM5310B, EPA 415.1","NLK",NA,"BW","PAX4",207.315143996603
"184","SW-PAX4",2019-07-30,2019-08-05,"4S","W",2019-08-21,2019-08-21,"DOC",NA,2.82,"mg C/L","0.16/0.50","SM5310B, EPA 415.1","NLK",NA,"SW","PAX4",234.790645008201
"185","BW-PAX1",2019-07-31,2019-08-05,"PAX BW1","W",2019-08-15,2019-08-15,"Si",NA,1.3,"mg Si/L","0.05/0.21","EPA 366.0","CLH",NA,"BW","PAX1",46.2872300653362
"186","SW-PAX1",2019-07-31,2019-08-05,"PAX SW1","W",2019-08-15,2019-08-15,"Si",NA,1.27,"mg Si/L","0.05/0.21","EPA 366.0","CLH",NA,"SW","PAX1",45.2190632176746
"187","BW-PAX2",2019-07-31,2019-08-05,"PAX BW2","W",2019-08-15,2019-08-15,"Si",NA,3.25,"mg Si/L","0.05/0.21","EPA 366.0","CLH",NA,"BW","PAX2",115.718075163341
"188","SW-PAX2",2019-07-31,2019-08-05,"PAX SW2","W",2019-08-15,2019-08-15,"Si",NA,3.38,"mg Si/L","0.05/0.21","EPA 366.0","CLH",NA,"SW","PAX2",120.346798169874
"189","BW-PAX3",2019-07-30,2019-08-05,"PAX BW3","W",2019-08-15,2019-08-15,"Si",NA,1.97,"mg Si/L","0.05/0.21","EPA 366.0","CLH",NA,"BW","PAX3",70.1429563297787
"190","SW-PAX3",2019-07-30,2019-08-05,"PAX SW3","W",2019-08-15,2019-08-15,"Si",NA,2.72,"mg Si/L","0.05/0.21","EPA 366.0","CLH",NA,"SW","PAX3",96.8471275213188
"191","BW-PAX4",2019-07-30,2019-08-05,"PAX BW4","W",2019-08-15,2019-08-15,"Si",NA,1.77,"mg Si/L","0.05/0.21","EPA 366.0","CLH",NA,"BW","PAX4",63.0218440120347
"192","SW-PAX4",2019-07-30,2019-08-05,"PAX SW4","W",2019-08-15,2019-08-15,"Si",NA,2.07,"mg Si/L","0.05/0.21","EPA 366.0","CLH",NA,"SW","PAX4",73.7035124886507
"193","BW-PAX1",2019-07-31,2019-08-05,"PAX1-BW","P",2019-08-09,2019-08-09,"PN",NA,0.359,"mg N/L","0.0263/0.0789","EPA 440.0","JM",NA,"BW","PAX1",25.6305910742716
"194","SW-PAX1",2019-07-31,2019-08-05,"PAX1-SW","P",2019-08-09,2019-08-09,"PN",NA,0.357,"mg N/L","0.0263/0.0789","EPA 440.0","JM",NA,"SW","PAX1",25.4878022660584
"195","BW-PAX2",2019-07-31,2019-08-05,"PAX2-BW","P",2019-08-09,2019-08-09,"PN",NA,0.427,"mg N/L","0.0263/0.0789","EPA 440.0","JM",NA,"BW","PAX2",30.4854105535208
"196","SW-PAX2",2019-07-31,2019-08-05,"PAX2-SW","P",2019-08-09,2019-08-09,"PN",NA,0.48,"mg N/L","0.0263/0.0789","EPA 440.0","JM",NA,"SW","PAX2",34.2693139711709
"197","BW-PAX3",2019-07-30,2019-08-05,"PAX3-BW","P",2019-08-09,2019-08-09,"PN",NA,0.136,"mg N/L","0.0263/0.0789","EPA 440.0","JM",NA,"BW","PAX3",9.70963895849843
"198","SW-PAX3",2019-07-30,2019-08-05,"PAX3-SW","P",2019-08-09,2019-08-09,"PN",NA,0.235,"mg N/L","0.0263/0.0789","EPA 440.0","JM",NA,"SW","PAX3",16.7776849650524
"199","BW-PAX4",2019-07-30,2019-08-05,"PAX4-BW","P",2019-08-09,2019-08-09,"PN",NA,0.145,"mg N/L","0.0263/0.0789","EPA 440.0","JM",NA,"BW","PAX4",10.3521885954579
"200","SW-PAX4",2019-07-30,2019-08-05,"PAX4-SW","P",2019-08-09,2019-08-09,"PN",NA,0.406,"mg N/L","0.0263/0.0789","EPA 440.0","JM",NA,"SW","PAX4",28.9861280672821
"201","BW-PAX1",2019-07-31,2019-08-05,"PAX1-BW","P",2019-08-09,2019-08-09,"PC",NA,3.03,"mg C/L","0.0633/0.1899","EPA 440.0","JM",NA,"BW","PAX1",252.275054742854
"202","SW-PAX1",2019-07-31,2019-08-05,"PAX1-SW","P",2019-08-09,2019-08-09,"PC",NA,3.25,"mg C/L","0.0633/0.1899","EPA 440.0","JM",NA,"SW","PAX1",270.592055417253
"203","BW-PAX2",2019-07-31,2019-08-05,"PAX2-BW","P",2019-08-09,2019-08-09,"PC",NA,3.25,"mg C/L","0.0633/0.1899","EPA 440.0","JM",NA,"BW","PAX2",270.592055417253
"204","SW-PAX2",2019-07-31,2019-08-05,"PAX2-SW","P",2019-08-09,2019-08-09,"PC",NA,4.09,"mg C/L","0.0633/0.1899","EPA 440.0","JM",NA,"SW","PAX2",340.529694355866
"205","BW-PAX3",2019-07-30,2019-08-05,"PAX3-BW","P",2019-08-09,2019-08-09,"PC",NA,1.09,"mg C/L","0.0633/0.1899","EPA 440.0","JM",NA,"BW","PAX3",90.7524124322479
"206","SW-PAX3",2019-07-30,2019-08-05,"PAX3-SW","P",2019-08-09,2019-08-09,"PC",NA,1.93,"mg C/L","0.0633/0.1899","EPA 440.0","JM",NA,"SW","PAX3",160.690051370861
"207","BW-PAX4",2019-07-30,2019-08-05,"PAX4-BW","P",2019-08-09,2019-08-09,"PC",NA,1.32,"mg C/L","0.0633/0.1899","EPA 440.0","JM",NA,"BW","PAX4",109.902004046392
"208","SW-PAX4",2019-07-30,2019-08-05,"PAX4-SW","P",2019-08-09,2019-08-09,"PC",NA,2.69,"mg C/L","0.0633/0.1899","EPA 440.0","JM",NA,"SW","PAX4",223.966962791511
"209","BW-PAX1",2019-07-31,2019-08-05,"PAX1-BW","P",2019-08-14,2019-08-19,"PP",NA,0.102,"mg P/L","0.0021/.0063","EPA 365.1, ASPILA","JM",NA,"BW","PAX1",3.29311641812247
"210","SW-PAX1",2019-07-31,2019-08-05,"PAX1-SW","P",2019-08-14,2019-08-19,"PP",NA,0.0853105,"mg P/L","0.0021/.0063","EPA 365.1, ASPILA","JM",NA,"SW","PAX1",2.75428831557095
"211","BW-PAX2",2019-07-31,2019-08-05,"PAX2-BW","P",2019-08-14,2019-08-19,"PP",NA,0.112,"mg P/L","0.0021/.0063","EPA 365.1, ASPILA","JM",NA,"BW","PAX2",3.61597096891879
"212","SW-PAX2",2019-07-31,2019-08-05,"PAX2-SW","P",2019-08-14,2019-08-19,"PP",NA,0.091528,"mg P/L","0.0021/.0063","EPA 365.1, ASPILA","JM",NA,"SW","PAX2",2.95502313252856
"213","BW-PAX3",2019-07-30,2019-08-05,"PAX3-BW","P",2019-08-14,2019-08-19,"PP",NA,0.0242982,"mg P/L","0.0021/.0063","EPA 365.1, ASPILA","JM",NA,"BW","PAX3",0.784478444615916
"214","SW-PAX3",2019-07-30,2019-08-05,"PAX3-SW","P",2019-08-14,2019-08-19,"PP",NA,0.0300631428571429,"mg P/L","0.0021/.0063","EPA 365.1, ASPILA","JM",NA,"SW","PAX3",0.970602248266847
"215","BW-PAX4",2019-07-30,2019-08-05,"PAX4-BW","P",2019-08-14,2019-08-19,"PP",NA,0.02736725,"mg P/L","0.0021/.0063","EPA 365.1, ASPILA","JM",NA,"BW","PAX4",0.883564120528061
"216","SW-PAX4",2019-07-30,2019-08-05,"PAX4-SW","P",2019-08-14,2019-08-19,"PP",NA,0.051614,"mg P/L","0.0021/.0063","EPA 365.1, ASPILA","JM",NA,"SW","PAX4",1.66638147848013
"217","BW-PAX1",2019-07-31,2019-08-05,NA,"P",2019-08-05,2019-05-07,"TSS",NA,38,"mg/L","2.4/2.4","EPA 160.2","EH",NA,"BW","PAX1",NA
"218","SW-PAX1",2019-07-31,2019-08-05,NA,"P",2019-08-05,2019-05-07,"TSS",NA,31,"mg/L","2.4/2.4","EPA 160.2","EH",NA,"SW","PAX1",NA
"219","BW-PAX2",2019-07-31,2019-08-05,NA,"P",2019-08-05,2019-05-07,"TSS",NA,71,"mg/L","2.4/2.4","EPA 160.2","EH",NA,"BW","PAX2",NA
"220","SW-PAX2",2019-07-31,2019-08-05,NA,"P",2019-08-05,2019-05-07,"TSS",NA,57.3,"mg/L","2.4/2.4","EPA 160.2","EH",NA,"SW","PAX2",NA
"221","BW-PAX3",2019-07-30,2019-08-05,NA,"P",2019-08-05,2019-05-07,"TSS",NA,25.4,"mg/L","2.4/2.4","EPA 160.2","EH",NA,"BW","PAX3",NA
"222","SW-PAX3",2019-07-30,2019-08-05,NA,"P",2019-08-05,2019-05-07,"TSS",NA,23.4,"mg/L","2.4/2.4","EPA 160.2","EH",NA,"SW","PAX3",NA
"223","BW-PAX4",2019-07-30,2019-08-05,NA,"P",2019-08-05,2019-05-07,"TSS",NA,34.3,"mg/L","2.4/2.4","EPA 160.2","EH",NA,"BW","PAX4",NA
"224","SW-PAX4",2019-07-30,2019-08-05,NA,"P",2019-08-05,2019-05-07,"TSS",NA,29.7,"mg/L","2.4/2.4","EPA 160.2","EH",NA,"SW","PAX4",NA
"225","BW-PAX1",2019-07-31,2019-08-05,"PAX1 BW","P",2019-08-12,2019-08-15,"BiSi",NA,2.97,"mg Si/l","0.03/0.09","EPA 366.0","CLH",NA,"BW","PAX1",NA
"226","SW-PAX1",2019-07-31,2019-08-05,"PAX1 SW","P",2019-08-12,2019-08-15,"BiSi",NA,2.19,"mg Si/l","0.03/0.09","EPA 366.0","CLH",NA,"SW","PAX1",NA
"227","BW-PAX2",2019-07-31,2019-08-05,"PAX2 BW","P",2019-08-12,2019-08-15,"BiSi",NA,1.71,"mg Si/l","0.03/0.09","EPA 366.0","CLH",NA,"BW","PAX2",NA
"228","SW-PAX2",2019-07-31,2019-08-05,"PAX2 SW","P",2019-08-12,2019-08-15,"BiSi",NA,1.15,"mg Si/l","0.03/0.09","EPA 366.0","CLH",NA,"SW","PAX2",NA
"229","BW-PAX3",2019-07-30,2019-08-05,"PAX3 BW","P",2019-08-12,2019-08-15,"BiSi",NA,0.11,"mg Si/l","0.03/0.09","EPA 366.0","CLH",NA,"BW","PAX3",NA
"230","SW-PAX3",2019-07-30,2019-08-05,"PAX3 SW","P",2019-08-12,2019-08-15,"BiSi","BR",0.07,"mg Si/l","0.03/0.09","EPA 366.0","CLH",NA,"SW","PAX3",NA
"231","BW-PAX4",2019-07-30,2019-08-05,"PAX4 BW","P",2019-08-12,2019-08-15,"BiSi",NA,0.1,"mg Si/l","0.03/0.09","EPA 366.0","CLH",NA,"BW","PAX4",NA
"232","SW-PAX4",2019-07-30,2019-08-05,"PAX4 SW","P",2019-08-12,2019-08-15,"BiSi",NA,0.1,"mg Si/l","0.03/0.09","EPA 366.0","CLH",NA,"SW","PAX4",NA
"233","BW-PAX1",2019-07-31,2019-08-05,"PAX1BB","P",2019-08-22,2019-08-23,"CHL-TOTAL",NA,42.69,"ug CHLa/L","0.68/0.68","EPA 445.0, SM10200H.3","NLK",NA,"BW","PAX1",NA
"234","SW-PAX1",2019-07-31,2019-08-05,"PAX1SB","P",2019-08-22,2019-08-23,"CHL-TOTAL",NA,34.78,"ug CHLa/L","0.68/0.68","EPA 445.0, SM10200H.3","NLK",NA,"SW","PAX1",NA
"235","BW-PAX2",2019-07-31,2019-08-05,"PAX2BB","P",2019-08-22,2019-08-23,"CHL-TOTAL",NA,28.3,"ug CHLa/L","0.68/0.68","EPA 445.0, SM10200H.3","NLK",NA,"BW","PAX2",NA
"236","SW-PAX2",2019-07-31,2019-08-05,"PAX2SB","P",2019-08-22,2019-08-23,"CHL-TOTAL",NA,36.56,"ug CHLa/L","0.68/0.68","EPA 445.0, SM10200H.3","NLK",NA,"SW","PAX2",NA
"237","BW-PAX3",2019-07-30,2019-08-05,"PAX3BB","P",2019-08-22,2019-08-23,"CHL-TOTAL",NA,2.57,"ug CHLa/L","0.68/0.68","EPA 445.0, SM10200H.3","NLK",NA,"BW","PAX3",NA
"238","SW-PAX3",2019-07-30,2019-08-05,"PAX3SB","P",2019-08-22,2019-08-23,"CHL-TOTAL",NA,9.56,"ug CHLa/L","0.68/0.68","EPA 445.0, SM10200H.3","NLK",NA,"SW","PAX3",NA
"239","BW-PAX4",2019-07-30,2019-08-05,"PAX4BB","P",2019-08-22,2019-08-23,"CHL-TOTAL",NA,3.31,"ug CHLa/L","0.68/0.68","EPA 445.0, SM10200H.3","NLK",NA,"BW","PAX4",NA
"240","SW-PAX4",2019-07-30,2019-08-05,"PAX4SB","P",2019-08-22,2019-08-23,"CHL-TOTAL",NA,26.82,"ug CHLa/L","0.68/0.68","EPA 445.0, SM10200H.3","NLK",NA,"SW","PAX4",NA
"241","BW-PAX1",2019-07-31,2019-08-05,"PAX1BB","P",2019-08-22,2019-08-23,"CHL-PHAEO",NA,14.8,"ug CHLa/L","0.46/0.46","EPA 445.0, SM10200H.3","NLK",NA,"BW","PAX1",NA
"242","SW-PAX1",2019-07-31,2019-08-05,"PAX1SB","P",2019-08-22,2019-08-23,"CHL-PHAEO",NA,11.62,"ug CHLa/L","0.46/0.46","EPA 445.0, SM10200H.3","NLK",NA,"SW","PAX1",NA
"243","BW-PAX2",2019-07-31,2019-08-05,"PAX2BB","P",2019-08-22,2019-08-23,"CHL-PHAEO",NA,12.55,"ug CHLa/L","0.46/0.46","EPA 445.0, SM10200H.3","NLK",NA,"BW","PAX2",NA
"244","SW-PAX2",2019-07-31,2019-08-05,"PAX2SB","P",2019-08-22,2019-08-23,"CHL-PHAEO",NA,11.33,"ug CHLa/L","0.46/0.46","EPA 445.0, SM10200H.3","NLK",NA,"SW","PAX2",NA
"245","BW-PAX3",2019-07-30,2019-08-05,"PAX3BB","P",2019-08-22,2019-08-23,"CHL-PHAEO",NA,1.62,"ug CHLa/L","0.46/0.46","EPA 445.0, SM10200H.3","NLK",NA,"BW","PAX3",NA
"246","SW-PAX3",2019-07-30,2019-08-05,"PAX3SB","P",2019-08-22,2019-08-23,"CHL-PHAEO",NA,3.81,"ug CHLa/L","0.46/0.46","EPA 445.0, SM10200H.3","NLK",NA,"SW","PAX3",NA
"247","BW-PAX4",2019-07-30,2019-08-05,"PAX4BB","P",2019-08-22,2019-08-23,"CHL-PHAEO",NA,2.29,"ug CHLa/L","0.46/0.46","EPA 445.0, SM10200H.3","NLK",NA,"BW","PAX4",NA
"248","SW-PAX4",2019-07-30,2019-08-05,"PAX4SB","P",2019-08-22,2019-08-23,"CHL-PHAEO",NA,5.19,"ug CHLa/L","0.46/0.46","EPA 445.0, SM10200H.3","NLK",NA,"SW","PAX4",NA
"249","BW-PAX1",2019-07-31,2019-08-05,"PAX1BB","P",2019-08-22,2019-08-23,"CHL-ACTIVE",NA,34.57,"ug CHLa/L","0.69/0.69","EPA 445.0, SM10200H.3","NLK",NA,"BW","PAX1",NA
"250","SW-PAX1",2019-07-31,2019-08-05,"PAX1SB","P",2019-08-22,2019-08-23,"CHL-ACTIVE",NA,28.4,"ug CHLa/L","0.69/0.69","EPA 445.0, SM10200H.3","NLK",NA,"SW","PAX1",NA
"251","BW-PAX2",2019-07-31,2019-08-05,"PAX2BB","P",2019-08-22,2019-08-23,"CHL-ACTIVE",NA,21.41,"ug CHLa/L","0.69/0.69","EPA 445.0, SM10200H.3","NLK",NA,"BW","PAX2",NA
"252","SW-PAX2",2019-07-31,2019-08-05,"PAX2SB","P",2019-08-22,2019-08-23,"CHL-ACTIVE",NA,30.34,"ug CHLa/L","0.69/0.69","EPA 445.0, SM10200H.3","NLK",NA,"SW","PAX2",NA
"253","BW-PAX3",2019-07-30,2019-08-05,"PAX3BB","P",2019-08-22,2019-08-23,"CHL-ACTIVE",NA,1.68,"ug CHLa/L","0.69/0.69","EPA 445.0, SM10200H.3","NLK",NA,"BW","PAX3",NA
"254","SW-PAX3",2019-07-30,2019-08-05,"PAX3SB","P",2019-08-22,2019-08-23,"CHL-ACTIVE",NA,7.47,"ug CHLa/L","0.69/0.69","EPA 445.0, SM10200H.3","NLK",NA,"SW","PAX3",NA
"255","BW-PAX4",2019-07-30,2019-08-05,"PAX4BB","P",2019-08-22,2019-08-23,"CHL-ACTIVE",NA,2.05,"ug CHLa/L","0.69/0.69","EPA 445.0, SM10200H.3","NLK",NA,"BW","PAX4",NA
"256","SW-PAX4",2019-07-30,2019-08-05,"PAX4SB","P",2019-08-22,2019-08-23,"CHL-ACTIVE",NA,23.98,"ug CHLa/L","0.69/0.69","EPA 445.0, SM10200H.3","NLK",NA,"SW","PAX4",NA
"257","PAX-SW-1",2018-09-25,2018-10-01,NA,"W",2018-10-31,2018-10-31,"NH4",NA,0.097,"mg N/L","0.002/0.0140","SM4500G","CLH","32","SW","PAX1",6.92525719834079
"258","PAX-BW-1",2018-09-25,2018-10-01,NA,"W",2018-10-31,2018-10-31,"NH4",NA,0.094,"mg N/L","0.002/0.0140","SM4500G","CLH","32","BW","PAX1",6.71107398602097
"259","PAX-SW-2",2018-09-25,2018-10-01,NA,"W",2018-10-31,2018-10-31,"NH4",NA,0.028,"mg N/L","0.002/0.0140","SM4500G","CLH","32","SW","PAX2",1.99904331498497
"260","PAX-BW-2",2018-09-25,2018-10-01,NA,"W",2018-10-31,2018-10-31,"NH4",NA,0.02,"mg N/L","0.002/0.0140","SM4500G","CLH","32","BW","PAX2",1.42788808213212
"261","PAX-SW-3",2018-09-26,2018-10-01,NA,"W",2018-10-31,2018-10-31,"NH4",NA,0.019,"mg N/L","0.002/0.0140","SM4500G","CLH","32","SW","PAX3",1.35649367802552
"262","PAX-BW-3",2018-09-26,2018-10-01,NA,"W",2018-10-31,2018-10-31,"NH4",NA,0.039,"mg N/L","0.002/0.0140","SM4500G","CLH","32","BW","PAX3",2.78438176015764
"263","PAX-SW-4",2018-09-26,2018-10-01,NA,"W",2018-10-31,2018-10-31,"NH4","BR",0.008,"mg N/L","0.002/0.0140","SM4500G","CLH","32","SW","PAX4",0.571155232852849
"264","PAX-BW-4",2018-09-26,2018-10-01,NA,"W",2018-10-31,2018-10-31,"NH4",NA,0.031,"mg N/L","0.002/0.0140","SM4500G","CLH","32","BW","PAX4",2.21322652730479
"265","PAX-SW-1",2018-09-25,2018-10-01,NA,"W",2018-10-31,2018-10-31,"NO2",NA,0.0097,"mg N/L","0.0007/0.0022","EPA 353.2","CLH","32","SW","PAX1",0.692525719834079
"266","PAX-BW-1",2018-09-25,2018-10-01,NA,"W",2018-10-31,2018-10-31,"NO2",NA,0.0099,"mg N/L","0.0007/0.0022","EPA 353.2","CLH","32","BW","PAX1",0.706804600655401
"267","PAX-SW-2",2018-09-25,2018-10-01,NA,"W",2018-10-31,2018-10-31,"NO2",NA,0.136,"mg N/L","0.0007/0.0022","EPA 353.2","CLH","32","SW","PAX2",9.70963895849843
"268","PAX-BW-2",2018-09-25,2018-10-01,NA,"W",2018-10-31,2018-10-31,"NO2",NA,0.1515,"mg N/L","0.0007/0.0022","EPA 353.2","CLH","32","BW","PAX2",10.8162522221508
"269","PAX-SW-3",2018-09-26,2018-10-01,NA,"W",2018-10-31,2018-10-31,"NO2",NA,0.1656,"mg N/L","0.0007/0.0022","EPA 353.2","CLH","32","SW","PAX3",11.822913320054
"270","PAX-BW-3",2018-09-26,2018-10-01,NA,"W",2018-10-31,2018-10-31,"NO2",NA,0.1576,"mg N/L","0.0007/0.0022","EPA 353.2","CLH","32","BW","PAX3",11.2517580872011
"271","PAX-SW-4",2018-09-26,2018-10-01,NA,"W",2018-10-31,2018-10-31,"NO2",NA,0.1416,"mg N/L","0.0007/0.0022","EPA 353.2","CLH","32","SW","PAX4",10.1094476214954
"272","PAX-BW-4",2018-09-26,2018-10-01,NA,"W",2018-10-31,2018-10-31,"NO2",NA,0.1455,"mg N/L","0.0007/0.0022","EPA 353.2","CLH","32","BW","PAX4",10.3878857975112
"273","PAX-SW-1",2018-09-25,2018-10-01,NA,"W",2018-10-31,2018-10-31,"PO4",NA,0.0255,"mg P/L","0.0006/0.0036","EPA 365.1","CLH","32","SW","PAX1",0.823279104530618
"274","PAX-BW-1",2018-09-25,2018-10-01,NA,"W",2018-10-31,2018-10-31,"PO4",NA,0.0274,"mg P/L","0.0006/0.0036","EPA 365.1","CLH","32","BW","PAX1",0.884621469181919
"275","PAX-SW-2",2018-09-25,2018-10-01,NA,"W",2018-10-31,2018-10-31,"PO4",NA,0.0712,"mg P/L","0.0006/0.0036","EPA 365.1","CLH","32","SW","PAX2",2.2987244016698
"276","PAX-BW-2",2018-09-25,2018-10-01,NA,"W",2018-10-31,2018-10-31,"PO4",NA,0.0773,"mg P/L","0.0006/0.0036","EPA 365.1","CLH","32","BW","PAX2",2.49566567765556
"277","PAX-SW-3",2018-09-26,2018-10-01,NA,"W",2018-10-31,2018-10-31,"PO4",NA,0.0537,"mg P/L","0.0006/0.0036","EPA 365.1","CLH","32","SW","PAX3",1.73372893777624
"278","PAX-BW-3",2018-09-26,2018-10-01,NA,"W",2018-10-31,2018-10-31,"PO4",NA,0.0426,"mg P/L","0.0006/0.0036","EPA 365.1","CLH","32","BW","PAX3",1.37536038639233
"279","PAX-SW-4",2018-09-26,2018-10-01,NA,"W",2018-10-31,2018-10-31,"PO4",NA,0.0335,"mg P/L","0.0006/0.0036","EPA 365.1","CLH","32","SW","PAX4",1.08156274516767
"280","PAX-BW-4",2018-09-26,2018-10-01,NA,"W",2018-10-31,2018-10-31,"PO4",NA,0.02,"mg P/L","0.0006/0.0036","EPA 365.1","CLH","32","BW","PAX4",0.645709101592641
"281","PAX-SW-1",2018-09-25,2018-10-01,NA,"W",2018-10-17,2018-10-17,"NO23",NA,0.337,"mg N/L","0.0057/0.028","ASTM D-7781","ANC",NA,"SW","PAX1",24.0599141839263
"282","PAX-BW-1",2018-09-25,2018-10-01,NA,"W",2018-10-17,2018-10-17,"NO23",NA,0.332,"mg N/L","0.0057/0.028","ASTM D-7781","ANC",NA,"BW","PAX1",23.7029421633932
"283","PAX-SW-2",2018-09-25,2018-10-01,NA,"W",2018-10-17,2018-10-17,"NO23",NA,0.263,"mg N/L","0.0057/0.028","ASTM D-7781","ANC",NA,"SW","PAX2",18.7767282800374
"284","PAX-BW-2",2018-09-25,2018-10-01,NA,"W",2018-10-17,2018-10-17,"NO23",NA,0.282,"mg N/L","0.0057/0.028","ASTM D-7781","ANC",NA,"BW","PAX2",20.1332219580629
"285","PAX-SW-3",2018-09-26,2018-10-01,NA,"W",2018-10-17,2018-10-17,"NO23",NA,0.212,"mg N/L","0.0057/0.028","ASTM D-7781","ANC",NA,"SW","PAX3",15.1356136706005
"286","PAX-BW-3",2018-09-26,2018-10-01,NA,"W",2018-10-17,2018-10-17,"NO23",NA,0.321,"mg N/L","0.0057/0.028","ASTM D-7781","ANC",NA,"BW","PAX3",22.9176037182206
"287","PAX-SW-4",2018-09-26,2018-10-01,NA,"W",2018-10-17,2018-10-17,"NO23",NA,0.265,"mg N/L","0.0057/0.028","ASTM D-7781","ANC",NA,"SW","PAX4",18.9195170882506
"288","PAX-BW-4",2018-09-26,2018-10-01,NA,"W",2018-10-17,2018-10-17,"NO23",NA,0.29,"mg N/L","0.0057/0.028","ASTM D-7781","ANC",NA,"BW","PAX4",20.7043771909158
"289","PAX-SW-1",2018-09-25,2018-10-01,"1S","W",2018-10-30,2018-11-13,"TDP",NA,0.0657,"mg P/L","0.0015/0.0045","EPA 365.1","CLH",NA,"SW","PAX1",2.12115439873183
"290","PAX-BW-1",2018-09-25,2018-10-01,"1B","W",2018-10-30,2018-11-13,"TDP",NA,0.0579,"mg P/L","0.0015/0.0045","EPA 365.1","CLH",NA,"BW","PAX1",1.8693278491107
"291","PAX-SW-2",2018-09-25,2018-10-01,"2S","W",2018-10-30,2018-11-13,"TDP",NA,0.0883,"mg P/L","0.0015/0.0045","EPA 365.1","CLH",NA,"SW","PAX2",2.85080568353151
"292","PAX-BW-2",2018-09-25,2018-10-01,"2B","W",2018-10-30,2018-11-13,"TDP",NA,0.0929,"mg P/L","0.0015/0.0045","EPA 365.1","CLH",NA,"BW","PAX2",2.99931877689782
"293","PAX-SW-3",2018-09-26,2018-10-01,"3S","W",2018-10-30,2018-11-13,"TDP",NA,0.065,"mg P/L","0.0015/0.0045","EPA 365.1","CLH",NA,"SW","PAX3",2.09855458017608
"294","PAX-BW-3",2018-09-26,2018-10-01,"3B","W",2018-10-30,2018-11-13,"TDP",NA,0.0492,"mg P/L","0.0015/0.0045","EPA 365.1","CLH",NA,"BW","PAX3",1.5884443899179
"295","PAX-SW-4",2018-09-26,2018-10-01,"4S","W",2018-10-30,2018-11-13,"TDP",NA,0.0439,"mg P/L","0.0015/0.0045","EPA 365.1","CLH",NA,"SW","PAX4",1.41733147799585
"296","PAX-BW-4",2018-09-26,2018-10-01,"4B","W",2018-10-30,2018-11-13,"TDP",NA,0.0274,"mg P/L","0.0015/0.0045","EPA 365.1","CLH",NA,"BW","PAX4",0.884621469181919
"297","PAX-SW-1",2018-09-25,2018-10-01,"1S","W",2018-10-30,2018-11-13,"TDN",NA,0.85,"mg N/L","0.05/0.15","EPA 353.2","CLH",NA,"SW","PAX1",60.6852434906152
"298","PAX-BW-1",2018-09-25,2018-10-01,"1B","W",2018-10-30,2018-11-13,"TDN",NA,0.78,"mg N/L","0.05/0.15","EPA 353.2","CLH",NA,"BW","PAX1",55.6876352031528
"299","PAX-SW-2",2018-09-25,2018-10-01,"2S","W",2018-10-30,2018-11-13,"TDN",NA,0.63,"mg N/L","0.05/0.15","EPA 353.2","CLH",NA,"SW","PAX2",44.9784745871619
"300","PAX-BW-2",2018-09-25,2018-10-01,"2B","W",2018-10-30,2018-11-13,"TDN",NA,0.66,"mg N/L","0.05/0.15","EPA 353.2","CLH",NA,"BW","PAX2",47.12030671036
"301","PAX-SW-3",2018-09-26,2018-10-01,"3S","W",2018-10-30,2018-11-13,"TDN",NA,0.52,"mg N/L","0.05/0.15","EPA 353.2","CLH",NA,"SW","PAX3",37.1250901354352
"302","PAX-BW-3",2018-09-26,2018-10-01,"3B","W",2018-10-30,2018-11-13,"TDN",NA,0.63,"mg N/L","0.05/0.15","EPA 353.2","CLH",NA,"BW","PAX3",44.9784745871619
"303","PAX-SW-4",2018-09-26,2018-10-01,"4S","W",2018-10-30,2018-11-13,"TDN",NA,0.71,"mg N/L","0.05/0.15","EPA 353.2","CLH",NA,"SW","PAX4",50.6900269156903
"304","PAX-BW-4",2018-09-26,2018-10-01,"4B","W",2018-10-30,2018-11-13,"TDN",NA,0.63,"mg N/L","0.05/0.15","EPA 353.2","CLH",NA,"BW","PAX4",44.9784745871619
"305","PAX-SW-1",2018-09-25,2018-10-01,"SW1","W",2018-10-12,2018-10-12,"Si",NA,5.21,"mg Si/L","0.05/0.21","EPA 366.0","CLH",NA,"SW","PAX1",185.504975877232
"306","PAX-BW-1",2018-09-25,2018-10-01,"BW1","W",2018-10-12,2018-10-12,"Si",NA,5.11,"mg Si/L","0.05/0.21","EPA 366.0","CLH",NA,"BW","PAX1",181.94441971836
"307","PAX-SW-2",2018-09-25,2018-10-01,"SW2","W",2018-10-12,2018-10-12,"Si",NA,3.45,"mg Si/L","0.05/0.21","EPA 366.0","CLH",NA,"SW","PAX2",122.839187481085
"308","PAX-BW-2",2018-09-25,2018-10-01,"BW2","W",2018-10-12,2018-10-12,"Si",NA,3.31,"mg Si/L","0.05/0.21","EPA 366.0","CLH",NA,"BW","PAX2",117.854408858664
"309","PAX-SW-3",2018-09-26,2018-10-01,"SW3","W",2018-10-12,2018-10-12,"Si",NA,3.19,"mg Si/L","0.05/0.21","EPA 366.0","CLH",NA,"SW","PAX3",113.581741468017
"310","PAX-BW-3",2018-09-26,2018-10-01,"BW3","W",2018-10-12,2018-10-12,"Si",NA,2.74,"mg Si/L","0.05/0.21","EPA 366.0","CLH",NA,"BW","PAX3",97.5592387530932
"311","PAX-SW-4",2018-09-26,2018-10-01,"SW4","W",2018-10-12,2018-10-12,"Si",NA,2.59,"mg Si/L","0.05/0.21","EPA 366.0","CLH",NA,"SW","PAX4",92.2184045147852
"312","PAX-BW-4",2018-09-26,2018-10-01,"BW4","W",2018-10-12,2018-10-12,"Si",NA,2.62,"mg Si/L","0.05/0.21","EPA 366.0","CLH",NA,"BW","PAX4",93.2865713624468
"313","PAX-SW-1",2018-09-25,2018-10-01,"SW1","P",2018-10-12,2018-10-12,"BiSi",NA,1.46,"mg Si/l","0.03/0.09","EPA 366.0","CLH",NA,"SW","PAX1",NA
"314","PAX-BW-1",2018-09-25,2018-10-01,"BW1","P",2018-10-12,2018-10-12,"BiSi",NA,2.66,"mg Si/l","0.03/0.09","EPA 366.0","CLH",NA,"BW","PAX1",NA
"315","PAX-SW-2",2018-09-25,2018-10-01,"SW2","P",2018-10-12,2018-10-12,"BiSi",NA,0.92,"mg Si/l","0.03/0.09","EPA 366.0","CLH",NA,"SW","PAX2",NA
"316","PAX-BW-2",2018-09-25,2018-10-01,"BW2","P",2018-10-12,2018-10-12,"BiSi",NA,1.5,"mg Si/l","0.03/0.09","EPA 366.0","CLH",NA,"BW","PAX2",NA
"317","PAX-SW-3",2018-09-26,2018-10-01,"SW3","P",2018-10-12,2018-10-12,"BiSi",NA,0.57,"mg Si/l","0.03/0.09","EPA 366.0","CLH",NA,"SW","PAX3",NA
"318","PAX-BW-3",2018-09-26,2018-10-01,"BW3","P",2018-10-12,2018-10-12,"BiSi",NA,0.81,"mg Si/l","0.03/0.09","EPA 366.0","CLH",NA,"BW","PAX3",NA
"319","PAX-SW-4",2018-09-26,2018-10-01,"SW4","P",2018-10-12,2018-10-12,"BiSi",NA,0.35,"mg Si/l","0.03/0.09","EPA 366.0","CLH",NA,"SW","PAX4",NA
"320","PAX-BW-4",2018-09-26,2018-10-01,"BW4","P",2018-10-12,2018-10-12,"BiSi",NA,1.02,"mg Si/l","0.03/0.09","EPA 366.0","CLH",NA,"BW","PAX4",NA
"321","PAX-SW-1",2018-09-25,2018-10-01,"SWPAX1","P",2018-10-15,2018-11-02,"PP",NA,0.081684,"mg P/L","0.0021/.0063","EPA 365.1, ASPILA","JM",NA,"SW","PAX1",2.63720511272467
"322","PAX-BW-1",2018-09-25,2018-10-01,"BWPAX1","P",2018-10-15,2018-11-02,"PP",NA,0.113,"mg P/L","0.0021/.0063","EPA 365.1, ASPILA","JM",NA,"BW","PAX1",3.64825642399842
"323","PAX-SW-2",2018-09-25,2018-10-01,"SWPAX2","P",2018-10-15,2018-11-02,"PP",NA,0.052587,"mg P/L","0.0021/.0063","EPA 365.1, ASPILA","JM",NA,"SW","PAX2",1.69779522627261
"324","PAX-BW-2",2018-09-25,2018-10-01,"BWPAX2","P",2018-10-15,2018-11-02,"PP",NA,0.088275,"mg P/L","0.0021/.0063","EPA 365.1, ASPILA","JM",NA,"BW","PAX2",2.84999854715452
"325","PAX-SW-3",2018-09-26,2018-10-01,"SWPAX3","P",2018-10-15,2018-11-02,"PP",NA,0.034116,"mg P/L","0.0021/.0063","EPA 365.1, ASPILA","JM",NA,"SW","PAX3",1.10145058549673
"326","PAX-BW-3",2018-09-26,2018-10-01,"BWPAX3","P",2018-10-15,2018-11-02,"PP",NA,0.037716,"mg P/L","0.0021/.0063","EPA 365.1, ASPILA","JM",NA,"BW","PAX3",1.2176782237834
"327","PAX-SW-4",2018-09-26,2018-10-01,"SWPAX4","P",2018-10-15,2018-11-02,"PP",NA,0.0237985,"mg P/L","0.0021/.0063","EPA 365.1, ASPILA","JM",NA,"SW","PAX4",0.768345402712624
"328","PAX-BW-4",2018-09-26,2018-10-01,"BWPAX4","P",2018-10-15,2018-11-02,"PP",NA,0.0392926666666667,"mg P/L","0.0021/.0063","EPA 365.1, ASPILA","JM",NA,"BW","PAX4",1.26858162462562
"329","PAX-SW-1",2018-09-25,2018-10-01,"SW-PAX1","P",2018-10-08,2018-10-09,"TSS",NA,28,"mg/L","2.4/4.2","EPA 160.2","ISV",NA,"SW","PAX1",NA
"330","PAX-BW-1",2018-09-25,2018-10-01,"BW-PAX1","P",2018-10-08,2018-10-09,"TSS",NA,49,"mg/L","2.4/4.2","EPA 160.2","ISV",NA,"BW","PAX1",NA
"331","PAX-SW-2",2018-09-25,2018-10-01,"SW-PAX2","P",2018-10-08,2018-10-09,"TSS",NA,15,"mg/L","2.4/4.2","EPA 160.2","ISV",NA,"SW","PAX2",NA
"332","PAX-BW-2",2018-09-25,2018-10-01,"BW-PAX2","P",2018-10-08,2018-10-09,"TSS",NA,47,"mg/L","2.4/4.2","EPA 160.2","ISV",NA,"BW","PAX2",NA
"333","PAX-SW-3",2018-09-26,2018-10-01,"SW-PAX3","P",2018-10-08,2018-10-09,"TSS",NA,15.3,"mg/L","2.4/4.2","EPA 160.2","ISV",NA,"SW","PAX3",NA
"334","PAX-BW-3",2018-09-26,2018-10-01,"BW-PAX3","P",2018-10-08,2018-10-09,"TSS",NA,25.3,"mg/L","2.4/4.2","EPA 160.2","ISV",NA,"BW","PAX3",NA
"335","PAX-SW-4",2018-09-26,2018-10-01,"SW-PAX4","P",2018-10-08,2018-10-09,"TSS",NA,10,"mg/L","2.4/4.2","EPA 160.2","ISV",NA,"SW","PAX4",NA
"336","PAX-BW-4",2018-09-26,2018-10-01,"BW-PAX4","P",2018-10-08,2018-10-09,"TSS",NA,25.3,"mg/L","2.4/4.2","EPA 160.2","ISV",NA,"BW","PAX4",NA
"337","PAX-SW-1",2018-09-25,2018-10-01,"1S","W",2018-10-08,2018-10-08,"DOC",NA,6.11,"mg C/L","0.16/0.50","SM5310B, EPA 415.1","NLK",NA,"SW","PAX1",508.713064184436
"338","PAX-BW-1",2018-09-25,2018-10-01,"1B","W",2018-10-08,2018-10-08,"DOC",NA,5.22,"mg C/L","0.16/0.50","SM5310B, EPA 415.1","NLK",NA,"BW","PAX1",434.612470547095
"339","PAX-SW-2",2018-09-25,2018-10-01,"2S","W",2018-10-08,2018-10-08,"DOC",NA,4.2,"mg C/L","0.16/0.50","SM5310B, EPA 415.1","NLK",NA,"SW","PAX2",349.688194693065
"340","PAX-BW-2",2018-09-25,2018-10-01,"2B","W",2018-10-08,2018-10-08,"DOC",NA,4.17,"mg C/L","0.16/0.50","SM5310B, EPA 415.1","NLK",NA,"BW","PAX2",347.190421873829
"341","PAX-SW-3",2018-09-26,2018-10-01,"3S","W",2018-10-08,2018-10-08,"DOC",NA,3.76,"mg C/L","0.16/0.50","SM5310B, EPA 415.1","NLK",NA,"SW","PAX3",313.054193344268
"342","PAX-BW-3",2018-09-26,2018-10-01,"3B","W",2018-10-08,2018-10-08,"DOC",NA,3.45,"mg C/L","0.16/0.50","SM5310B, EPA 415.1","NLK",NA,"BW","PAX3",287.243874212161
"343","PAX-SW-4",2018-09-26,2018-10-01,"4S","W",2018-10-08,2018-10-08,"DOC",NA,3.39,"mg C/L","0.16/0.50","SM5310B, EPA 415.1","NLK",NA,"SW","PAX4",282.248328573688
"344","PAX-BW-4",2018-09-26,2018-10-01,"4B","W",2018-10-08,2018-10-08,"DOC",NA,3.19,"mg C/L","0.16/0.50","SM5310B, EPA 415.1","NLK",NA,"BW","PAX4",265.596509778781
"345","PAX-SW-1",2018-09-25,2018-10-01,"1S-B","P",2018-10-03,2018-10-04,"CHL-TOTAL",NA,7.8009288,"ug CHLa/L","0.68/0.68","EPA 445.0, SM10200H.3","ISV",NA,"SW","PAX1",NA
"346","PAX-BW-1",2018-09-25,2018-10-01,"1B-B","P",2018-10-03,2018-10-04,"CHL-TOTAL",NA,19.3307482,"ug CHLa/L","0.68/0.68","EPA 445.0, SM10200H.3","ISV",NA,"BW","PAX1",NA
"347","PAX-SW-2",2018-09-25,2018-10-01,"2S-B","P",2018-10-03,2018-10-04,"CHL-TOTAL",NA,31.238774,"ug CHLa/L","0.68/0.68","EPA 445.0, SM10200H.3","ISV",NA,"SW","PAX2",NA
"348","PAX-BW-2",2018-09-25,2018-10-01,"2B-B","P",2018-10-03,2018-10-04,"CHL-TOTAL",NA,20.8655068571429,"ug CHLa/L","0.68/0.68","EPA 445.0, SM10200H.3","ISV",NA,"BW","PAX2",NA
"349","PAX-SW-3",2018-09-26,2018-10-01,"3S-B","P",2018-10-03,2018-10-04,"CHL-TOTAL",NA,19.3903410666667,"ug CHLa/L","0.68/0.68","EPA 445.0, SM10200H.3","ISV",NA,"SW","PAX3",NA
"350","PAX-BW-3",2018-09-26,2018-10-01,"3B-B","P",2018-10-03,2018-10-04,"CHL-TOTAL",NA,9.49756546666667,"ug CHLa/L","0.68/0.68","EPA 445.0, SM10200H.3","ISV",NA,"BW","PAX3",NA
"351","PAX-SW-4",2018-09-26,2018-10-01,"4S-B","P",2018-10-03,2018-10-04,"CHL-TOTAL",NA,10.936229,"ug CHLa/L","0.68/0.68","EPA 445.0, SM10200H.3","ISV",NA,"SW","PAX4",NA
"352","PAX-BW-4",2018-09-26,2018-10-01,"4B-B","P",2018-10-03,2018-10-04,"CHL-TOTAL",NA,9.5262922,"ug CHLa/L","0.68/0.68","EPA 445.0, SM10200H.3","ISV",NA,"BW","PAX4",NA
"353","PAX-SW-1",2018-09-25,2018-10-01,"1S-B","P",2018-10-03,2018-10-04,"CHL-PHAEO",NA,3.53863726426,"ug CHLa/L","0.46/0.46","EPA 445.0, SM10200H.3","ISV",NA,"SW","PAX1",NA
"354","PAX-BW-1",2018-09-25,2018-10-01,"1B-B","P",2018-10-03,2018-10-04,"CHL-PHAEO",NA,12.22442422568,"ug CHLa/L","0.46/0.46","EPA 445.0, SM10200H.3","ISV",NA,"BW","PAX1",NA
"355","PAX-SW-2",2018-09-25,2018-10-01,"2S-B","P",2018-10-03,2018-10-04,"CHL-PHAEO",NA,9.39446288771428,"ug CHLa/L","0.46/0.46","EPA 445.0, SM10200H.3","ISV",NA,"SW","PAX2",NA
"356","PAX-BW-2",2018-09-25,2018-10-01,"2B-B","P",2018-10-03,2018-10-04,"CHL-PHAEO",NA,11.3887035923429,"ug CHLa/L","0.46/0.46","EPA 445.0, SM10200H.3","ISV",NA,"BW","PAX2",NA
"357","PAX-SW-3",2018-09-26,2018-10-01,"3S-B","P",2018-10-03,2018-10-04,"CHL-PHAEO",NA,6.57640029735999,"ug CHLa/L","0.46/0.46","EPA 445.0, SM10200H.3","ISV",NA,"SW","PAX3",NA
"358","PAX-BW-3",2018-09-26,2018-10-01,"3B-B","P",2018-10-03,2018-10-04,"CHL-PHAEO",NA,7.85830723997333,"ug CHLa/L","0.46/0.46","EPA 445.0, SM10200H.3","ISV",NA,"BW","PAX3",NA
"359","PAX-SW-4",2018-09-26,2018-10-01,"4S-B","P",2018-10-03,2018-10-04,"CHL-PHAEO",NA,4.5289198019,"ug CHLa/L","0.46/0.46","EPA 445.0, SM10200H.3","ISV",NA,"SW","PAX4",NA
"360","PAX-BW-4",2018-09-26,2018-10-01,"4B-B","P",2018-10-03,2018-10-04,"CHL-PHAEO",NA,7.64599310088,"ug CHLa/L","0.46/0.46","EPA 445.0, SM10200H.3","ISV",NA,"BW","PAX4",NA
"361","PAX-SW-1",2018-09-25,2018-10-01,"1S-B","P",2018-10-03,2018-10-04,"CHL-ACTIVE",NA,5.803989394,"ug CHLa/L","0.69/0.69","EPA 445.0, SM10200H.3","ISV",NA,"SW","PAX1",NA
"362","PAX-BW-1",2018-09-25,2018-10-01,"1B-B","P",2018-10-03,2018-10-04,"CHL-ACTIVE",NA,12.45178414,"ug CHLa/L","0.69/0.69","EPA 445.0, SM10200H.3","ISV",NA,"BW","PAX1",NA
"363","PAX-SW-2",2018-09-25,2018-10-01,"2S-B","P",2018-10-03,2018-10-04,"CHL-ACTIVE",NA,25.9101922971429,"ug CHLa/L","0.69/0.69","EPA 445.0, SM10200H.3","ISV",NA,"SW","PAX2",NA
"364","PAX-BW-2",2018-09-25,2018-10-01,"2B-B","P",2018-10-03,2018-10-04,"CHL-ACTIVE",NA,14.44948176,"ug CHLa/L","0.69/0.69","EPA 445.0, SM10200H.3","ISV",NA,"BW","PAX2",NA
"365","PAX-SW-3",2018-09-26,2018-10-01,"3S-B","P",2018-10-03,2018-10-04,"CHL-ACTIVE",NA,15.6665444933333,"ug CHLa/L","0.69/0.69","EPA 445.0, SM10200H.3","ISV",NA,"SW","PAX3",NA
"366","PAX-BW-3",2018-09-26,2018-10-01,"3B-B","P",2018-10-03,2018-10-04,"CHL-ACTIVE",NA,5.08304253866667,"ug CHLa/L","0.69/0.69","EPA 445.0, SM10200H.3","ISV",NA,"BW","PAX3",NA
"367","PAX-SW-4",2018-09-26,2018-10-01,"4S-B","P",2018-10-03,2018-10-04,"CHL-ACTIVE",NA,8.37800193,"ug CHLa/L","0.69/0.69","EPA 445.0, SM10200H.3","ISV",NA,"SW","PAX4",NA
"368","PAX-BW-4",2018-09-26,2018-10-01,"4B-B","P",2018-10-03,2018-10-04,"CHL-ACTIVE",NA,5.2303067,"ug CHLa/L","0.69/0.69","EPA 445.0, SM10200H.3","ISV",NA,"BW","PAX4",NA
"369","PAX-SW-1",2018-09-25,2018-10-01,"PAX1SW","P",2018-10-02,2018-10-04,"PN",NA,0.218,"mg N/L","0.0263/0.0789","EPA 440.0","JM",NA,"SW","PAX1",15.5639800952401
"370","PAX-BW-1",2018-09-25,2018-10-01,"PAX1BW","P",2018-10-02,2018-10-04,"PN",NA,0.305,"mg N/L","0.0263/0.0789","EPA 440.0","JM",NA,"BW","PAX1",21.7752932525149
"371","PAX-SW-2",2018-09-25,2018-10-01,"PAX2SW","P",2018-10-02,2018-10-04,"PN",NA,0.289,"mg N/L","0.0263/0.0789","EPA 440.0","JM",NA,"SW","PAX2",20.6329827868092
"372","PAX-BW-2",2018-09-25,2018-10-01,"PAX2BW","P",2018-10-02,2018-10-04,"PN",NA,0.342,"mg N/L","0.0263/0.0789","EPA 440.0","JM",NA,"BW","PAX2",24.4168862044593
"373","PAX-SW-3",2018-09-26,2018-10-01,"PAX3SW","P",2018-10-02,2018-10-04,"PN",NA,0.244,"mg N/L","0.0263/0.0789","EPA 440.0","JM",NA,"SW","PAX3",17.4202346020119
"374","PAX-BW-3",2018-09-26,2018-10-01,"PAX3BW","P",2018-10-02,2018-10-04,"PN",NA,0.216,"mg N/L","0.0263/0.0789","EPA 440.0","JM",NA,"BW","PAX3",15.4211912870269
"375","PAX-SW-4",2018-09-26,2018-10-01,"PAX4SW","P",2018-10-02,2018-10-04,"PN",NA,0.157,"mg N/L","0.0263/0.0789","EPA 440.0","JM",NA,"SW","PAX4",11.2089214447372
"376","PAX-BW-4",2018-09-26,2018-10-01,"PAX4BW","P",2018-10-02,2018-10-04,"PN",NA,0.214,"mg N/L","0.0263/0.0789","EPA 440.0","JM",NA,"BW","PAX4",15.2784024788137
"377","PAX-SW-1",2018-09-25,2018-10-01,"PAX1SW","P",2018-10-02,2018-10-04,"PC",NA,2.45,"mg C/L","0.0633/0.1899","EPA 440.0","JM",NA,"SW","PAX1",203.984780237621
"378","PAX-BW-1",2018-09-25,2018-10-01,"PAX1BW","P",2018-10-02,2018-10-04,"PC",NA,3.3,"mg C/L","0.0633/0.1899","EPA 440.0","JM",NA,"BW","PAX1",274.75501011598
"379","PAX-SW-2",2018-09-25,2018-10-01,"PAX2SW","P",2018-10-02,2018-10-04,"PC",NA,2.69,"mg C/L","0.0633/0.1899","EPA 440.0","JM",NA,"SW","PAX2",223.966962791511
"380","PAX-BW-2",2018-09-25,2018-10-01,"PAX2BW","P",2018-10-02,2018-10-04,"PC",NA,3.14,"mg C/L","0.0633/0.1899","EPA 440.0","JM",NA,"BW","PAX2",261.433555080054
"381","PAX-SW-3",2018-09-26,2018-10-01,"PAX3SW","P",2018-10-02,2018-10-04,"PC",NA,2.17,"mg C/L","0.0633/0.1899","EPA 440.0","JM",NA,"SW","PAX3",180.67223392475
"382","PAX-BW-3",2018-09-26,2018-10-01,"PAX3BW","P",2018-10-02,2018-10-04,"PC",NA,2.06,"mg C/L","0.0633/0.1899","EPA 440.0","JM",NA,"BW","PAX3",171.513733587551
"383","PAX-SW-4",2018-09-26,2018-10-01,"PAX4SW","P",2018-10-02,2018-10-04,"PC",NA,1.59,"mg C/L","0.0633/0.1899","EPA 440.0","JM",NA,"SW","PAX4",132.381959419518
"384","PAX-BW-4",2018-09-26,2018-10-01,"PAX4BW","P",2018-10-02,2018-10-04,"PC",NA,2.08,"mg C/L","0.0633/0.1899","EPA 440.0","JM",NA,"BW","PAX4",173.178915467042
"385","3 SW-PAX3",2018-07-24,2018-08-01,"3 SW","W",2018-08-14,2018-08-14,"NH4",NA,0.061,"mg N/L","0.002/0.0140","SM4500G","CH",NA,"SW","PAX3",4.35505865050297
"386","3 BW-PAX3",2018-07-24,2018-08-01,"3 BW","W",2018-08-14,2018-08-14,"NH4",NA,0.153,"mg N/L","0.002/0.0140","SM4500G","CH",NA,"BW","PAX3",10.9233438283107
"387","4 SW-PAX4",2018-07-24,2018-08-01,"4 SW","W",2018-08-14,2018-08-14,"NH4",NA,0.115,"mg N/L","0.002/0.0140","SM4500G","CH",NA,"SW","PAX4",8.2103564722597
"388","4 BW-PAX4",2018-07-24,2018-08-01,"4 BW","W",2018-08-14,2018-08-14,"NH4",NA,0.069,"mg N/L","0.002/0.0140","SM4500G","CH",NA,"BW","PAX4",4.92621388335582
"389","3 SW-PAX3",2018-07-24,2018-08-01,"3 SW","W",2018-08-14,2018-08-14,"NO2",NA,0.0029,"mg N/L","0.0007/0.0022","EPA 353.2","CH",NA,"SW","PAX3",0.207043771909158
"390","3 BW-PAX3",2018-07-24,2018-08-01,"3 BW","W",2018-08-14,2018-08-14,"NO2",NA,0.0084,"mg N/L","0.0007/0.0022","EPA 353.2","CH",NA,"BW","PAX3",0.599712994495491
"391","4 SW-PAX4",2018-07-24,2018-08-01,"4 SW","W",2018-08-14,2018-08-14,"NO2",NA,0.0155,"mg N/L","0.0007/0.0022","EPA 353.2","CH",NA,"SW","PAX4",1.1066132636524
"392","4 BW-PAX4",2018-07-24,2018-08-01,"4 BW","W",2018-08-14,2018-08-14,"NO2",NA,0.0156,"mg N/L","0.0007/0.0022","EPA 353.2","CH",NA,"BW","PAX4",1.11375270406306
"393","3 SW-PAX3",2018-07-24,2018-08-01,"3 SW","W",2018-08-14,2018-08-14,"PO4",NA,0.0652,"mg P/L","0.0006/0.0036","EPA 365.1","CH",NA,"SW","PAX3",2.10501167119201
"394","3 BW-PAX3",2018-07-24,2018-08-01,"3 BW","W",2018-08-14,2018-08-14,"PO4",NA,0.0556,"mg P/L","0.0006/0.0036","EPA 365.1","CH",NA,"BW","PAX3",1.79507130242754
"395","4 SW-PAX4",2018-07-24,2018-08-01,"4 SW","W",2018-08-14,2018-08-14,"PO4",NA,0.0336,"mg P/L","0.0006/0.0036","EPA 365.1","CH",NA,"SW","PAX4",1.08479129067564
"396","4 BW-PAX4",2018-07-24,2018-08-01,"4 BW","W",2018-08-14,2018-08-14,"PO4",NA,0.021,"mg P/L","0.0006/0.0036","EPA 365.1","CH",NA,"BW","PAX4",0.677994556672274
"397","3 BW-PAX3",2018-07-24,2018-08-01,"3 BW","W",2018-08-29,2018-08-29,"NO23",NA,0.0279,"mg N/L","0.0007/0.0056","EPA 353.2 CADMIUM","KB",NA,"BW","PAX3",1.99190387457431
"398","4 SW-PAX4",2018-07-24,2018-08-01,"4 SW","W",2018-08-29,2018-08-29,"NO23",NA,0.0358,"mg N/L","0.0007/0.0056","EPA 353.2 CADMIUM","KB",NA,"SW","PAX4",2.5559196670165
"399","3 SW-PAX3",2018-07-24,2018-08-01,"SW PAX3","W",2018-08-28,2018-08-28,"NO23",NA,0.137,"mg N/L","0.0057/0.028","ASTM D-7781","JM",NA,"SW","PAX3",9.78103336260504
"400","4 BW-PAX4",2018-07-24,2018-08-01,"BW PAX4","W",2018-08-28,2018-08-28,"NO23",NA,0.0637,"mg N/L","0.0057/0.028","ASTM D-7781","JM",NA,"BW","PAX4",4.54782354159081
"401","3 BW-PAX3",2018-07-24,2018-08-01,"PAX3B","W",2018-08-09,2018-08-24,"TDP",NA,0.0739,"mg P/L","0.0015/0.0045","EPA 365.1","KB",NA,"BW","PAX3",2.38589513038481
"402","3 SW-PAX3",2018-07-24,2018-08-01,"PAX3S","W",2018-08-09,2018-08-24,"TDP",NA,0.0658,"mg P/L","0.0015/0.0045","EPA 365.1","KB",NA,"SW","PAX3",2.12438294423979
"403","4 BW-PAX4",2018-07-24,2018-08-01,"PAX4B","W",2018-08-09,2018-08-24,"TDP",NA,0.0304,"mg P/L","0.0015/0.0045","EPA 365.1","KB",NA,"BW","PAX4",0.981477834420815
"404","4 SW-PAX4",2018-07-24,2018-08-01,"PAX4S","W",2018-08-09,2018-08-24,"TDP",NA,0.0418,"mg P/L","0.0015/0.0045","EPA 365.1","KB",NA,"SW","PAX4",1.34953202232862
"405","3 BW-PAX3",2018-07-24,2018-08-01,"PAX3B","W",2018-08-09,2018-08-24,"TDN",NA,0.34,"mg N/L","0.05/0.15","EPA 353.2","KB",NA,"BW","PAX3",24.2740973962461
"406","3 SW-PAX3",2018-07-24,2018-08-01,"PAX3S","W",2018-08-09,2018-08-24,"TDN",NA,0.48,"mg N/L","0.05/0.15","EPA 353.2","KB",NA,"SW","PAX3",34.2693139711709
"407","4 BW-PAX4",2018-07-24,2018-08-01,"PAX4B","W",2018-08-09,2018-08-24,"TDN",NA,0.54,"mg N/L","0.05/0.15","EPA 353.2","KB",NA,"BW","PAX4",38.5529782175673
"408","4 SW-PAX4",2018-07-24,2018-08-01,"PAX4S","W",2018-08-09,2018-08-24,"TDN",NA,0.39,"mg N/L","0.05/0.15","EPA 353.2","KB",NA,"SW","PAX4",27.8438176015764
"409","3 SW-PAX3",2018-07-24,2018-08-01,"PAX SW3","W",2018-08-09,2018-08-09,"Si",NA,3.21,"mg Si/L","0.05/0.21","EPA 366.0","CH",NA,"SW","PAX3",114.293852699792
"410","3 BW-PAX3",2018-07-24,2018-08-01,"PAX BW3","W",2018-08-09,2018-08-09,"Si",NA,3.38,"mg Si/L","0.05/0.21","EPA 366.0","CH",NA,"BW","PAX3",120.346798169874
"411","4 SW-PAX4",2018-07-24,2018-08-01,"PAX SW4","W",2018-08-09,2018-08-09,"Si",NA,2.49,"mg Si/L","0.05/0.21","EPA 366.0","CH",NA,"SW","PAX4",88.6578483559132
"412","4 BW-PAX4",2018-07-24,2018-08-01,"PAX BW4","W",2018-08-09,2018-08-09,"Si",NA,1.81,"mg Si/L","0.05/0.21","EPA 366.0","CH",NA,"BW","PAX4",64.4460664755835
"413","3 SW-PAX3",2018-07-24,2018-08-01,"PAX 3S","W",2018-08-07,2018-08-07,"DOC",NA,3.92,"mg C/L","0.16/0.50","SM5310B, EPA 415.1","NK",NA,"SW","PAX3",326.375648380194
"414","3 BW-PAX3",2018-07-24,2018-08-01,"PAX 3B","W",2018-08-07,2018-08-07,"DOC",NA,3.8,"mg C/L","0.16/0.50","SM5310B, EPA 415.1","NK",NA,"BW","PAX3",316.38455710325
"415","4 SW-PAX4",2018-07-24,2018-08-01,"PAX 4S","W",2018-08-07,2018-08-07,"DOC",NA,3.11,"mg C/L","0.16/0.50","SM5310B, EPA 415.1","NK",NA,"SW","PAX4",258.935782260817
"416","4 BW-PAX4",2018-07-24,2018-08-01,"PAX 4B","W",2018-08-07,2018-08-07,"DOC",NA,3.11,"mg C/L","0.16/0.50","SM5310B, EPA 415.1","NK",NA,"BW","PAX4",258.935782260817
"417","3 SW-PAX3",2018-07-24,2018-08-01,"PAX3 SW","P",2018-08-07,2018-08-09,"BiSi",NA,0.23,"mg Si/l","0.03/0.09","EPA 366.0","CH",NA,"SW","PAX3",NA
"418","3 BW-PAX3",2018-07-24,2018-08-01,"PAX3 BW","P",2018-08-07,2018-08-09,"BiSi",NA,0.4,"mg Si/l","0.03/0.09","EPA 366.0","CH",NA,"BW","PAX3",NA
"419","4 SW-PAX4",2018-07-24,2018-08-01,"PAX4 SW","P",2018-08-07,2018-08-09,"BiSi",NA,1.22,"mg Si/l","0.03/0.09","EPA 366.0","CH",NA,"SW","PAX4",NA
"420","4 BW-PAX4",2018-07-24,2018-08-01,"PAX4 BW","P",2018-08-07,2018-08-09,"BiSi",NA,0.69,"mg Si/l","0.03/0.09","EPA 366.0","CH",NA,"BW","PAX4",NA
"421","3 BW-PAX3",2018-07-24,2018-08-01,"BW-PAX3","P",2018-08-03,2018-08-06,"TSS",NA,15.5,"mg/L","2.4/4.2","EPA 160.2","IV",NA,"BW","PAX3",NA
"422","3 SW-PAX3",2018-07-24,2018-08-01,"SW-PAX3","P",2018-08-03,2018-08-06,"TSS",NA,14.7,"mg/L","2.4/4.2","EPA 160.2","IV",NA,"SW","PAX3",NA
"423","4 BW-PAX4",2018-07-24,2018-08-01,"BW-PAX4","P",2018-08-03,2018-08-06,"TSS",NA,49.5,"mg/L","2.4/4.2","EPA 160.2","IV",NA,"BW","PAX4",NA
"424","4 SW-PAX4",2018-07-24,2018-08-01,"SW-PAX4","P",2018-08-03,2018-08-06,"TSS",NA,12.5,"mg/L","2.4/4.2","EPA 160.2","IV",NA,"SW","PAX4",NA
"425","3 SW-PAX3",2018-07-24,2018-08-01,"SW PAX3","P",2018-08-02,2018-08-03,"PN",NA,0.306,"mg N/L","0.0263/0.0789","EPA 440.0","JM",NA,"SW","PAX3",21.8466876566215
"426","3 BW-PAX3",2018-07-24,2018-08-01,"BW PAX3","P",2018-08-02,2018-08-03,"PN",NA,0.201,"mg N/L","0.0263/0.0789","EPA 440.0","JM",NA,"BW","PAX3",14.3502752254278
"427","4 SW-PAX4",2018-07-24,2018-08-01,"SW PAX4","P",2018-08-02,2018-08-03,"PN",NA,0.174,"mg N/L","0.0263/0.0789","EPA 440.0","JM",NA,"SW","PAX4",12.4226263145495
"428","4 BW-PAX4",2018-07-24,2018-08-01,"BW PAX4","P",2018-08-02,2018-08-03,"PN",NA,0.168,"mg N/L","0.0263/0.0789","EPA 440.0","JM",NA,"BW","PAX4",11.9942598899098
"429","3 SW-PAX3",2018-07-24,2018-08-01,"SW PAX3","P",2018-08-02,2018-08-03,"PC",NA,2.26,"mg C/L","0.0633/0.1899","EPA 440.0","JM",NA,"SW","PAX3",188.165552382459
"430","3 BW-PAX3",2018-07-24,2018-08-01,"BW PAX3","P",2018-08-02,2018-08-03,"PC",NA,1.55,"mg C/L","0.0633/0.1899","EPA 440.0","JM",NA,"BW","PAX3",129.051595660536
"431","4 SW-PAX4",2018-07-24,2018-08-01,"SW PAX4","P",2018-08-02,2018-08-03,"PC",NA,1.68,"mg C/L","0.0633/0.1899","EPA 440.0","JM",NA,"SW","PAX4",139.875277877226
"432","4 BW-PAX4",2018-07-24,2018-08-01,"BW PAX4","P",2018-08-02,2018-08-03,"PC",NA,1.43,"mg C/L","0.0633/0.1899","EPA 440.0","JM",NA,"BW","PAX4",119.060504383591
"433","3 SW-PAX3",2018-07-24,2018-08-01,"P3S-B","P",2018-08-13,2018-08-14,"CHL-TOTAL",NA,17.93873125,"ug CHLa/L","0.68/0.68","EPA 445.0, SM10200H.3","IV",NA,"SW","PAX3",NA
"434","3 BW-PAX3",2018-07-24,2018-08-01,"P3B-B","P",2018-08-13,2018-08-14,"CHL-TOTAL",NA,7.3971465,"ug CHLa/L","0.68/0.68","EPA 445.0, SM10200H.3","IV",NA,"BW","PAX3",NA
"435","4 SW-PAX4",2018-07-24,2018-08-01,"P4S-B","P",2018-08-13,2018-08-14,"CHL-TOTAL",NA,8.185903,"ug CHLa/L","0.68/0.68","EPA 445.0, SM10200H.3","IV",NA,"SW","PAX4",NA
"436","4 BW-PAX4",2018-07-24,2018-08-01,"P4B-B","P",2018-08-13,2018-08-14,"CHL-TOTAL",NA,6.80481675,"ug CHLa/L","0.68/0.68","EPA 445.0, SM10200H.3","IV",NA,"BW","PAX4",NA
"437","3 SW-PAX3",2018-07-24,2018-08-01,"P3S-B","P",2018-08-13,2018-08-14,"CHL-PHAEO",NA,4.442159907625,"ug CHLa/L","0.46/0.46","EPA 445.0, SM10200H.3","IV",NA,"SW","PAX3",NA
"438","3 BW-PAX3",2018-07-24,2018-08-01,"P3B-B","P",2018-08-13,2018-08-14,"CHL-PHAEO",NA,5.11278777802,"ug CHLa/L","0.46/0.46","EPA 445.0, SM10200H.3","IV",NA,"BW","PAX3",NA
"439","4 SW-PAX4",2018-07-24,2018-08-01,"P4S-B","P",2018-08-13,2018-08-14,"CHL-PHAEO",NA,2.92379367874286,"ug CHLa/L","0.46/0.46","EPA 445.0, SM10200H.3","IV",NA,"SW","PAX4",NA
"440","4 BW-PAX4",2018-07-24,2018-08-01,"P4B-B","P",2018-08-13,2018-08-14,"CHL-PHAEO",NA,3.737544136225,"ug CHLa/L","0.46/0.46","EPA 445.0, SM10200H.3","IV",NA,"BW","PAX4",NA
"441","3 SW-PAX3",2018-07-24,2018-08-01,"P3S-B","P",2018-08-13,2018-08-14,"CHL-ACTIVE",NA,15.4109781375,"ug CHLa/L","0.69/0.69","EPA 445.0, SM10200H.3","IV",NA,"SW","PAX3",NA
"442","3 BW-PAX3",2018-07-24,2018-08-01,"P3B-B","P",2018-08-13,2018-08-14,"CHL-ACTIVE",NA,4.521831052,"ug CHLa/L","0.69/0.69","EPA 445.0, SM10200H.3","IV",NA,"BW","PAX3",NA
"443","4 SW-PAX4",2018-07-24,2018-08-01,"P4S-B","P",2018-08-13,2018-08-14,"CHL-ACTIVE",NA,6.53146231142857,"ug CHLa/L","0.69/0.69","EPA 445.0, SM10200H.3","IV",NA,"SW","PAX4",NA
"444","4 BW-PAX4",2018-07-24,2018-08-01,"P4B-B","P",2018-08-13,2018-08-14,"CHL-ACTIVE",NA,4.6993160275,"ug CHLa/L","0.69/0.69","EPA 445.0, SM10200H.3","IV",NA,"BW","PAX4",NA
"445","3 SW-PAX3",2018-07-24,2018-08-01,"SW PAX3","P",2018-08-08,2018-08-15,"PP",NA,0.0377166666666667,"mg P/L","0.0021/.0063","EPA 365.1, ASPILA","JM",NA,"SW","PAX3",1.21769974742012
"446","3 BW-PAX3",2018-07-24,2018-08-01,"BW PAX3","P",2018-08-08,2018-08-15,"PP",NA,0.0307735,"mg P/L","0.0021/.0063","EPA 365.1, ASPILA","JM",NA,"BW","PAX3",0.993536451893058
"447","4 SW-PAX4",2018-07-24,2018-08-01,"SW PAX4","P",2018-08-08,2018-08-15,"PP",NA,0.018368,"mg P/L","0.0021/.0063","EPA 365.1, ASPILA","JM",NA,"SW","PAX4",0.593019238902682
"448","4 BW-PAX4",2018-07-24,2018-08-01,"BW PAX4","P",2018-08-08,2018-08-15,"PP",NA,0.025333,"mg P/L","0.0021/.0063","EPA 365.1, ASPILA","JM",NA,"BW","PAX4",0.817887433532319
"449","SW-PAX 4",2018-04-18,2018-04-25,"SW4","W",2018-05-08,2018-05-08,"NH4",NA,0.007,"mg N/L","0.002/0.0140","SM4500G","CLH",NA,"SW","PAX4",0.499760828746243
"450","BW-PAX 4",2018-04-18,2018-04-25,"BW4","W",2018-05-08,2018-05-08,"NH4",NA,0.01,"mg N/L","0.002/0.0140","SM4500G","CLH",NA,"BW","PAX4",0.713944041066061
"451","SW-PAX 4",2018-04-18,2018-04-25,"SW4","W",2018-05-08,2018-05-08,"NO2","L/BR",7e-04,"mg N/L","0.0007/0.0022","EPA 353.2","CLH",NA,"SW","PAX4",0.0499760828746243
"452","BW-PAX 4",2018-04-18,2018-04-25,"BW4","W",2018-05-08,2018-05-08,"NO2",NA,0.0028,"mg N/L","0.0007/0.0022","EPA 353.2","CLH",NA,"BW","PAX4",0.199904331498497
"453","SW-PAX 4",2018-04-18,2018-04-25,"SW4","W",2018-05-08,2018-05-08,"PO4",NA,0.0025,"mg P/L","0.0006/0.0036","EPA 365.1","CLH",NA,"SW","PAX4",0.0807136376990802
"454","BW-PAX 4",2018-04-18,2018-04-25,"BW4","W",2018-05-08,2018-05-08,"PO4",NA,0.0024,"mg P/L","0.0006/0.0036","EPA 365.1","CLH",NA,"BW","PAX4",0.077485092191117
"455","SW-PAX 4",2018-04-18,2018-04-25,"PAX4S","W",2018-04-26,2018-04-26,"DOC",NA,2.866,"mg C/L","0.16/0.50","SM5310B, EPA 415.1","NLK",NA,"SW","PAX4",238.62056333103
"456","BW-PAX 4",2018-04-18,2018-04-25,"PAX4B","W",2018-04-26,2018-04-26,"DOC",NA,2.932,"mg C/L","0.16/0.50","SM5310B, EPA 415.1","NLK",NA,"BW","PAX4",244.115663533349
"457","SW-PAX 4",2018-04-18,2018-04-25,"SW4","W",2018-05-11,2018-05-11,"Si",NA,0.18,"mg Si/L","0.05/0.16","EPA 366.0","CLH",NA,"SW","PAX4",6.40900108596963
"458","BW-PAX 4",2018-04-18,2018-04-25,"BW4","W",2018-05-11,2018-05-11,"Si",NA,0.07,"mg Si/L","0.05/0.16","EPA 366.0","CLH",NA,"BW","PAX4",2.49238931121041
"459","SW-PAX 4",2018-04-18,2018-04-25,"SW4","P",2018-05-09,2018-05-11,"BiSi",NA,0.49,"mg Si/l","0.03/0.09","EPA 366.0","CLH",NA,"SW","PAX4",NA
"460","BW-PAX 4",2018-04-18,2018-04-25,"BW4","P",2018-05-09,2018-05-11,"BiSi",NA,0.66,"mg Si/l","0.03/0.09","EPA 366.0","CLH",NA,"BW","PAX4",NA
"461","SW-PAX 4",2018-04-18,2018-04-25,"PAX4S","P",2018-05-04,2018-05-04,"PN",NA,0.323,"mg N/L","0.0263/0.0789","EPA 440.0","NLK",NA,"SW","PAX4",23.0603925264338
"462","BW-PAX 4",2018-04-18,2018-04-25,"PAX4B","P",2018-05-04,2018-05-04,"PN",NA,0.305,"mg N/L","0.0263/0.0789","EPA 440.0","NLK",NA,"BW","PAX4",21.7752932525149
"463","SW-PAX 4",2018-04-18,2018-04-25,"PAX4S","P",2018-05-04,2018-05-04,"PC",NA,2.72,"mg C/L","0.0633/0.1899","EPA 440.0","NLK",NA,"SW","PAX4",226.464735610747
"464","BW-PAX 4",2018-04-18,2018-04-25,"PAX4B","P",2018-05-04,2018-05-04,"PC",NA,2.14,"mg C/L","0.0633/0.1899","EPA 440.0","NLK",NA,"BW","PAX4",178.174461105514
"465","SW-PAX 4",2018-04-18,2018-04-25,"SW-PAX 4","P",2018-04-30,2018-05-01,"TSS",NA,44.8,"mg/L","2.4/4.2","EPA 160.2","ISV",NA,"SW","PAX4",NA
"466","BW-PAX 4",2018-04-18,2018-04-25,"BW-PAX 4","P",2018-04-30,2018-05-01,"TSS",NA,46,"mg/L","2.4/4.2","EPA 160.2","ISV",NA,"BW","PAX4",NA
"467","SW-PAX 4",2018-04-18,2018-04-25,"SW-PAX-#4","P",2018-05-16,2018-05-23,"PP",NA,0.0298,"mg P/L","0.0021/.0063","EPA 365.1, ASPILA","ANC",NA,"SW","PAX4",0.962106561373036
"468","BW-PAX 4",2018-04-18,2018-04-25,"BW-PAX-#4","P",2018-05-16,2018-05-23,"PP",NA,0.0256,"mg P/L","0.0021/.0063","EPA 365.1, ASPILA","ANC",NA,"BW","PAX4",0.826507650038581
"469","SW-PAX 4",2018-04-18,2018-04-18,"SW4 0418","W",2018-05-03,2018-05-15,"TDP",NA,0.00737,"mg P/L","0.0015/0.0045","EPA 365.1","KB",NA,"SW","PAX4",0.237943803936888
"470","BW-PAX 4",2018-04-18,2018-04-18,"BW4 0418","W",2018-05-03,2018-05-15,"TDP",NA,0.01029,"mg P/L","0.0015/0.0045","EPA 365.1","KB",NA,"BW","PAX4",0.332217332769414
"471","SW-PAX 4",2018-04-18,2018-04-18,"SW4 0418","W",2018-05-03,2018-05-15,"TDN",NA,0.33,"mg N/L","0.05/0.15","EPA 353.2","KB",NA,"SW","PAX4",23.56015335518
"472","BW-PAX 4",2018-04-18,2018-04-18,"BW4 0418","W",2018-05-03,2018-05-15,"TDN",NA,0.38,"mg N/L","0.05/0.15","EPA 353.2","KB",NA,"BW","PAX4",27.1298735605103
"473","SW-PAX 4",2018-04-18,2018-04-25,"PAX SW","W",2018-05-10,2018-05-10,"NO23",NA,0.257,"mg N/L","0.0057/0.028","ASTM D-7781","KB",NA,"SW","PAX4",18.3483618553978
"474","BW-PAX 4",2018-04-18,2018-04-25,"PAX BW","W",2018-05-10,2018-05-10,"NO23",NA,0.0739,"mg N/L","0.0057/0.028","ASTM D-7781","KB",NA,"BW","PAX4",5.27604646347819
"475","SW-PAX 4",2018-04-18,2018-04-25,"CBLPAX SW","P",2018-05-08,2018-05-09,"CHL-TOTAL",NA,32.55147,"ug CHLa/L","0.68/0.68","EPA 445.0, SM10200H.3","ISV",NA,"SW","PAX4",NA
"476","BW-PAX 4",2018-04-18,2018-04-25,"CBLPAX BW","P",2018-05-08,2018-05-09,"CHL-TOTAL",NA,35.030664,"ug CHLa/L","0.68/0.68","EPA 445.0, SM10200H.3","ISV",NA,"BW","PAX4",NA
"477","SW-PAX 4",2018-04-18,2018-04-25,"CBLPAX SW","P",2018-05-08,2018-05-09,"CHL-PHAEO",NA,6.90568400592,"ug CHLa/L","0.46/0.46","EPA 445.0, SM10200H.3","ISV",NA,"SW","PAX4",NA
"478","BW-PAX 4",2018-04-18,2018-04-25,"CBLPAX BW","P",2018-05-08,2018-05-09,"CHL-PHAEO",NA,8.50313244384001,"ug CHLa/L","0.46/0.46","EPA 445.0, SM10200H.3","ISV",NA,"BW","PAX4",NA
"479","SW-PAX 4",2018-04-18,2018-04-25,"CBLPAX SW","P",2018-05-08,2018-05-09,"CHL-ACTIVE",NA,28.609894152,"ug CHLa/L","0.69/0.69","EPA 445.0, SM10200H.3","ISV",NA,"SW","PAX4",NA
"480","BW-PAX 4",2018-04-18,2018-04-25,"CBLPAX BW","P",2018-05-08,2018-05-09,"CHL-ACTIVE",NA,30.190287744,"ug CHLa/L","0.69/0.69","EPA 445.0, SM10200H.3","ISV",NA,"BW","PAX4",NA
